_key,id,email,score
0,86416,dlawson@example.com,68
1,77462,harmongregory@example.org,73
2,3954,seth54@example.net,80
3,19217,wilsonlinda@example.org,74
4,70423,timothy74@example.org,97
5,88649,davidpratt@example.net,77
6,72349,brownkristen@example.net,74
7,31325,moralesjocelyn@example.org,70
8,79338,murphycarol@example.org,71
9,64843,david04@example.net,69
10,22576,xbrown@example.com,98
11,54919,brian49@example.com,73
12,37788,collinsandrea@example.net,98
13,70685,xlove@example.com,76
14,34773,nealjennifer@example.org,78
15,13366,cmoore@example.com,76
16,71705,mccormickbrittany@example.com,80
17,64406,mark48@example.com,91
18,15653,jeremy15@example.org,88
19,77652,agarza@example.net,96
20,83627,robinsonshane@example.net,97
21,17987,tonyaprince@example.com,84
22,85495,antonio99@example.com,72
23,3697,michellehart@example.net,69
24,33839,csmith@example.net,68
25,57021,danielshelton@example.com,84
26,25001,bcarroll@example.net,92
27,44491,wbaldwin@example.org,70
28,97057,medinalouis@example.org,87
29,96615,laurenesparza@example.net,73
30,35755,moodypaula@example.org,76
31,82449,allenemily@example.com,86
32,96595,normawright@example.com,94
33,89299,claudiabright@example.com,68
34,10411,wangjudith@example.net,90
35,21442,pcervantes@example.org,71
36,8094,xford@example.net,75
37,38607,rickyjacobs@example.com,98
38,35729,figueroamelissa@example.net,99
39,96597,alexcampbell@example.net,86
40,21140,callahanjose@example.com,73
41,14426,elizabethhansen@example.net,99
42,43706,brandismith@example.net,74
43,27363,gillespiejonathan@example.net,92
44,88887,mooretraci@example.org,95
45,70531,sblack@example.com,95
46,40138,eroberson@example.com,81
47,23965,lcarlson@example.org,69
48,85380,jgibson@example.com,76
49,66344,stacy37@example.org,82
50,67772,donovanhelen@example.net,91
51,24154,tgrant@example.org,98
52,5762,wfernandez@example.com,92
53,60639,sweeneylisa@example.com,79
54,2208,johnsondevin@example.net,77
55,99177,wking@example.org,87
56,95217,thompsonthomas@example.net,68
57,72834,lshepard@example.com,72
58,94797,iespinoza@example.com,90
59,31235,ccortez@example.org,96
60,87962,tina48@example.net,95
61,51592,ashley73@example.org,72
62,6479,johnstephenson@example.net,83
63,18936,alvaradokristin@example.com,80
64,57107,ppotter@example.com,84
65,91177,dhickman@example.net,82
66,74737,xstanley@example.net,86
67,49493,debbiebenson@example.net,86
68,96536,crystal60@example.org,96
69,32568,lmorales@example.net,76
70,46597,harrycardenas@example.com,77
71,12191,mcgeecarolyn@example.com,79
72,15093,michael32@example.com,84
73,76507,rhondabennett@example.com,98
74,38162,trankrista@example.com,82
75,39145,shawnmendoza@example.net,79
76,28946,greerkenneth@example.org,70
77,78280,molly17@example.org,82
78,41528,rclay@example.net,79
79,36550,hansenrobert@example.com,78
80,96328,matthewbell@example.net,73
81,59266,shaun81@example.com,86
82,87806,gregorywiggins@example.com,71
83,84060,francispaul@example.com,98
84,41977,sknight@example.org,78
85,42033,gmiller@example.net,93
86,86957,kroberts@example.net,94
87,53446,hunttimothy@example.com,94
88,88628,benjaminbrown@example.com,69
89,9984,elizabethball@example.net,72
90,51199,meghanconley@example.net,72
91,9268,kmartin@example.org,84
92,47994,kyliethomas@example.net,98
93,55579,lesliephillips@example.org,99
94,78144,pbrown@example.net,99
95,42818,kevinjones@example.org,97
96,66306,robinsonethan@example.net,85
97,19358,mary82@example.net,92
98,18787,michellehenry@example.com,86
99,36112,reedryan@example.net,80
100,85379,haleywright@example.net,78
101,31596,paul96@example.org,78
102,63417,dustin78@example.com,91
103,89918,leslie61@example.com,96
104,95467,anthony88@example.com,83
105,18248,bjimenez@example.org,88
106,51809,michael61@example.net,75
107,56037,marmstrong@example.org,75
108,95738,scott77@example.com,79
109,65675,kbenitez@example.net,84
110,91453,ocochran@example.net,98
111,63129,tanneroconnor@example.org,90
112,5731,kathypena@example.org,79
113,91823,matthewmorgan@example.org,82
114,63753,ipeters@example.net,74
115,56367,xwheeler@example.com,68
116,23786,prodriguez@example.com,80
117,61983,carlosswanson@example.com,99
118,821,samuel59@example.org,79
119,43509,rogerstabitha@example.com,78
120,32265,scottwilliams@example.org,90
121,96617,ohoffman@example.com,82
122,92710,chill@example.org,82
123,80351,cameronrivera@example.com,93
124,7243,smithalexandra@example.com,84
125,80057,sarahharris@example.com,77
126,77967,vsmith@example.org,77
127,78790,leahfreeman@example.com,74
128,60451,cheryl83@example.org,78
129,24954,emma83@example.com,96
130,49674,bentoncheryl@example.com,91
131,61506,nguyenedward@example.net,97
132,67939,vspencer@example.com,72
133,67301,zhodge@example.org,99
134,54036,chelsey22@example.net,73
135,92906,dunlapdana@example.org,86
136,25523,yramsey@example.org,73
137,37492,tanya40@example.org,97
138,73173,zcarrillo@example.com,92
139,52605,charleswiggins@example.com,90
140,26297,robert66@example.com,93
141,72040,lwright@example.net,87
142,35088,daniel71@example.org,69
143,18202,oestes@example.org,87
144,94657,yross@example.com,95
145,24718,obrewer@example.com,71
146,55618,tjackson@example.com,97
147,81338,jose93@example.net,90
148,62794,wcarter@example.com,73
149,33284,jasonrobinson@example.net,73
150,603,kyle64@example.org,68
151,9022,wanderson@example.org,77
152,56637,ramirezsteven@example.org,96
153,6542,travisburns@example.com,84
154,84220,ktaylor@example.org,88
155,93872,caroline28@example.net,96
156,49311,hinesmatthew@example.com,87
157,98845,gerald81@example.net,86
158,12302,fsmith@example.org,90
159,55785,james57@example.com,68
160,54248,zsmith@example.com,71
161,54436,james59@example.org,85
162,94827,nicholasjohnson@example.org,77
163,73764,idunlap@example.com,94
164,43501,tanya92@example.net,87
165,12219,ashleyjohn@example.net,73
166,81681,tracey96@example.org,91
167,14281,barry26@example.org,73
168,79972,lhodges@example.com,98
169,38608,qmorgan@example.net,97
170,15274,thomasclark@example.org,83
171,59623,joshuamartin@example.com,74
172,12751,kharrell@example.com,95
173,90137,stephenwheeler@example.net,85
174,84752,richardmaxwell@example.org,99
175,42403,psnyder@example.net,71
176,33356,hhill@example.org,93
177,69205,clarksteven@example.org,69
178,11412,dmccarthy@example.org,77
179,7048,jeremy87@example.net,92
180,85078,masonfrank@example.org,82
181,86575,amandadavis@example.net,69
182,32666,goldenbradley@example.com,93
183,41725,todd02@example.net,73
184,15698,leonardjeffery@example.org,95
185,22963,barrettkatherine@example.net,77
186,42337,nicholasjohns@example.net,72
187,50045,rmitchell@example.com,81
188,40521,dmills@example.net,88
189,73398,petersonscott@example.org,85
190,53156,kellyroy@example.com,94
191,48457,iedwards@example.net,91
192,99788,vrivera@example.org,99
193,44866,shannonbrown@example.org,76
194,91891,tracey65@example.org,84
195,4013,mccoyjennifer@example.com,83
196,44865,megangilbert@example.com,87
197,72756,sean44@example.net,98
198,43087,mark74@example.net,85
199,30718,jessicastevens@example.org,91
200,59427,bakerfrederick@example.org,72
201,33259,steven85@example.org,69
202,31763,sandra78@example.com,98
203,45111,ubrewer@example.org,72
204,37447,joelpadilla@example.com,94
205,29370,ahudson@example.net,85
206,72759,gpadilla@example.org,89
207,98472,gmyers@example.net,87
208,41173,kaitlynsaunders@example.org,81
209,80435,perezsteven@example.com,83
210,44978,tylerhunt@example.com,88
211,11771,betty38@example.org,84
212,31915,wguerra@example.org,75
213,49875,bradshawroberto@example.com,87
214,30216,ewalsh@example.org,89
215,98742,blackjennifer@example.com,83
216,56816,dnash@example.com,77
217,86647,wzhang@example.org,92
218,78138,benjamin80@example.net,99
219,3057,marqueztyler@example.net,95
220,13075,jamiestevens@example.com,70
221,50140,megan68@example.net,76
222,9773,jonathanmacias@example.org,70
223,99191,schaefersusan@example.com,72
224,47252,beckbrandon@example.com,96
225,30240,weissanthony@example.com,82
226,18255,zboyd@example.org,99
227,72286,debrapollard@example.com,77
228,75407,carpenterleslie@example.org,89
229,38919,dwu@example.com,92
230,29873,barrybobby@example.com,69
231,19962,chavezdonna@example.org,98
232,97375,abigail66@example.net,97
233,51595,allisonmendez@example.net,78
234,72968,mayjason@example.com,84
235,80693,ilewis@example.com,78
236,53553,jennifer86@example.net,98
237,36826,ogaines@example.org,74
238,26582,zjohnson@example.com,85
239,77163,nelsonkimberly@example.org,99
240,58760,handerson@example.net,77
241,84439,jjackson@example.org,92
242,65946,fjohnson@example.com,82
243,25770,brookerodgers@example.com,98
244,28700,burtontodd@example.org,97
245,36094,chavezdaniel@example.net,84
246,46182,qduncan@example.org,83
247,60293,ghamilton@example.com,74
248,72221,guerreroann@example.net,76
249,89219,thomasluis@example.com,82
250,33515,talvarez@example.org,78
251,17929,bryanpatricia@example.org,94
252,99592,stephencole@example.org,94
253,83170,wrightdonna@example.net,79
254,10657,lopezmiranda@example.org,75
255,60336,martineztimothy@example.org,91
256,30870,thomas12@example.net,73
257,96950,travis43@example.net,88
258,80861,jacquelineschmidt@example.net,82
259,92665,smiller@example.com,78
260,14356,carl96@example.net,87
261,72651,vstevens@example.com,79
262,14776,valenciadavid@example.net,77
263,17024,acaldwell@example.org,72
264,42848,carlosjensen@example.com,83
265,19143,ruth98@example.com,78
266,52618,ryancaleb@example.com,68
267,24619,tphillips@example.net,96
268,31634,roger34@example.net,96
269,68492,robertmoses@example.org,84
270,28625,townsendnatalie@example.org,74
271,23173,robinsonamy@example.net,74
272,91233,fwilliams@example.com,92
273,94665,nlara@example.com,94
274,37043,kellymartinez@example.com,89
275,71762,vblankenship@example.org,86
276,84966,chopkins@example.org,72
277,51099,conradcourtney@example.com,84
278,74748,nbarnes@example.net,91
279,59912,williamsonkendra@example.com,86
280,99860,heather78@example.org,95
281,8579,beardmikayla@example.net,81
282,9593,craig79@example.net,71
283,44434,hawkinsjacob@example.net,91
284,7216,fowlerlatoya@example.com,74
285,74301,zmcguire@example.org,70
286,95409,kwu@example.net,68
287,974,goldencrystal@example.com,97
288,79145,jefferysmith@example.com,81
289,85392,iking@example.org,85
290,35602,madkins@example.net,91
291,77094,michaelwhitaker@example.net,88
292,25673,daviscorey@example.org,74
293,82978,carrieross@example.net,69
294,35945,ashleybauer@example.org,68
295,62610,lpowell@example.org,82
296,3772,yblevins@example.org,98
297,14040,qshaw@example.org,88
298,50318,eric72@example.net,71
299,44819,qbarnett@example.com,82
300,14757,andersonkristen@example.org,82
301,40617,rachel63@example.org,71
302,79124,tbowman@example.com,85
303,18749,johnfleming@example.net,98
304,65362,joseph08@example.org,84
305,59403,christinafernandez@example.org,90
306,37313,davidvaughan@example.net,83
307,79274,sophiapetersen@example.org,80
308,41917,isingleton@example.net,76
309,63985,allenelizabeth@example.com,99
310,1161,vroberts@example.org,87
311,74316,steven48@example.org,89
312,65849,richard86@example.com,95
313,66197,samantha47@example.com,71
314,63382,sandersbrian@example.net,72
315,63051,moranterri@example.org,89
316,40349,markchristensen@example.org,68
317,63539,pattonjamie@example.org,99
318,88738,leslieward@example.net,72
319,92535,tbell@example.org,84
320,18421,anthonywelch@example.org,90
321,1299,gmcbride@example.org,73
322,3491,ewright@example.org,90
323,73269,bethany74@example.com,95
324,33761,brownjasmine@example.org,90
325,24934,kelseyolson@example.org,88
326,68588,philipfarmer@example.net,97
327,31166,rita64@example.net,70
328,84321,xbrown@example.net,99
329,82423,simsjack@example.com,89
330,2796,gtaylor@example.org,80
331,93570,robbinsjohn@example.com,92
332,47483,krice@example.net,98
333,64186,mmurphy@example.com,96
334,12842,catherinemcpherson@example.com,83
335,56737,carla99@example.com,80
336,41535,mendezrenee@example.net,82
337,96359,drose@example.com,78
338,83848,yturner@example.net,87
339,8247,gregorycrawford@example.com,93
340,99566,elliskaren@example.net,81
341,70332,robin49@example.org,76
342,21334,brownkevin@example.com,97
343,48779,zlong@example.com,87
344,86066,joe74@example.net,75
345,69427,jenningsanthony@example.com,94
346,88051,kimberlypeterson@example.net,71
347,59609,angela55@example.com,89
348,97144,perezpatricia@example.net,68
349,74856,catherine32@example.org,74
350,17737,amanda94@example.com,91
351,81702,pinedabenjamin@example.com,95
352,51832,krystalwilliams@example.net,89
353,40483,emilycarter@example.net,99
354,43054,mitchell46@example.com,96
355,43435,fdawson@example.net,94
356,4351,stonehenry@example.org,96
357,54083,millerronald@example.org,74
358,14208,peter69@example.com,96
359,62146,sara32@example.net,83
360,57607,pjones@example.net,86
361,26598,mgarcia@example.org,98
362,1425,williamwinters@example.org,82
363,26714,kenneth39@example.org,95
364,54825,bschmidt@example.net,99
365,13252,markwolf@example.net,85
366,20880,justin01@example.com,81
367,2488,emunoz@example.org,87
368,39844,sarahbennett@example.net,96
369,47855,maciasmichael@example.net,91
370,56632,abigailmalone@example.net,98
371,286,raymondjasmine@example.com,95
372,53404,kelsey56@example.org,82
373,43486,valeriespencer@example.net,71
374,9553,james02@example.org,69
375,34713,robertdiaz@example.com,71
376,66174,belljulie@example.com,96
377,90107,raymond55@example.org,78
378,22637,morrissean@example.net,91
379,43786,gjimenez@example.org,89
380,50713,royjordan@example.org,94
381,66573,kgarcia@example.com,81
382,62223,pgordon@example.org,75
383,80102,clarkdesiree@example.com,74
384,39028,krystal88@example.org,90
385,33558,reidbrittany@example.com,72
386,4146,collinsjohn@example.com,69
387,90719,colekaufman@example.org,75
388,34093,dunnjenna@example.com,80
389,26619,ethanbrown@example.com,75
390,64247,whall@example.org,85
391,70991,spatterson@example.net,80
392,74714,hwilcox@example.org,99
393,69038,warrenjessica@example.net,82
394,12172,emorales@example.net,85
395,11320,jennifersloan@example.org,89
396,45432,tbeltran@example.com,88
397,8835,obrienbridget@example.net,79
398,39098,amber29@example.net,78
399,79377,jenniferhays@example.net,75
400,67311,lisa68@example.org,80
401,7929,zachary39@example.net,88
402,4086,ramirezjohnny@example.com,71
403,85369,kimraymond@example.com,74
404,13332,vcurtis@example.org,88
405,71418,rebecca65@example.net,87
406,5156,racheladams@example.org,90
407,15609,lyonsstephen@example.com,83
408,73430,tyler75@example.org,80
409,40275,nmedina@example.net,80
410,79708,alexacarey@example.net,80
411,89978,kevintaylor@example.net,74
412,27231,mpowell@example.org,85
413,35821,melissabaker@example.org,74
414,59094,lynchmeghan@example.com,70
415,33826,lisashaffer@example.com,75
416,81903,dwhite@example.com,86
417,7711,timothy14@example.org,81
418,28033,macdonaldmason@example.org,68
419,26503,klewis@example.org,79
420,9074,jordansteven@example.org,92
421,51452,david58@example.net,90
422,30851,jeremy96@example.net,82
423,15559,kwalsh@example.net,91
424,15119,timothymeyer@example.com,69
425,9135,laurie26@example.com,92
426,37721,hernandezshari@example.org,82
427,4517,rachelnelson@example.org,82
428,18186,psmith@example.com,84
429,62146,nancyfields@example.com,81
430,63363,danielshaw@example.org,84
431,60325,stevenrusso@example.org,89
432,54049,bradfordchad@example.com,88
433,45270,hilljohn@example.org,69
434,14197,melanierussell@example.com,89
435,54654,banthony@example.org,79
436,47968,adam01@example.com,87
437,55591,patricia24@example.com,97
438,53993,alejandra64@example.com,86
439,65859,simsjennifer@example.net,82
440,10317,oware@example.net,79
441,64705,sgreen@example.com,82
442,7949,samantha14@example.net,97
443,97189,hoodsharon@example.net,69
444,64140,longlarry@example.com,95
445,68630,simpsonjoseph@example.com,95
446,46805,mario23@example.com,98
447,64341,parkerbryan@example.org,91
448,27127,cody55@example.org,91
449,38072,paulawong@example.com,98
450,11175,benjamin38@example.net,85
451,5399,alexandra82@example.org,68
452,37305,xwatson@example.com,87
453,82724,hallbrandi@example.org,79
454,52706,stephanie92@example.net,70
455,60778,anna77@example.net,82
456,9353,ybailey@example.com,96
457,52231,oscar20@example.com,68
458,98444,smithmichael@example.net,83
459,95028,anne46@example.org,79
460,37320,powelljames@example.com,79
461,44219,michaelmarshall@example.org,99
462,61385,bruce25@example.org,83
463,69927,elizabeth38@example.net,81
464,33887,wcrawford@example.net,76
465,58427,nfisher@example.com,84
466,63389,vcharles@example.org,78
467,7279,susan93@example.com,89
468,83735,willischris@example.org,93
469,8407,smithcynthia@example.net,73
470,58611,brandonleon@example.org,77
471,51234,tclark@example.com,77
472,99669,benitezdeanna@example.org,88
473,5956,larrydalton@example.com,92
474,83890,amymccormick@example.net,81
475,95031,samueljarvis@example.net,69
476,19937,leahdavis@example.net,72
477,99850,alex44@example.org,80
478,43404,ochavez@example.net,74
479,43456,christinecline@example.org,99
480,51910,leahporter@example.net,88
481,53215,timothysims@example.com,78
482,95097,brian18@example.org,94
483,93333,qstephens@example.net,91
484,12577,starkkrystal@example.com,97
485,94640,markoconnor@example.net,79
486,15178,nallen@example.org,99
487,80247,tanyamack@example.net,91
488,60810,rodriguezchristopher@example.com,93
489,14468,eroberts@example.org,98
490,95838,smithkristine@example.org,69
491,82920,angela22@example.com,80
492,47164,anthony75@example.net,83
493,21549,scottmelissa@example.org,93
494,16105,patricksantos@example.net,94
495,37900,heatherjackson@example.net,84
496,35166,christopher22@example.com,96
497,9945,mooresteven@example.org,98
498,42899,griffinjames@example.com,82
499,78917,christopher94@example.org,75
500,92619,bennettamber@example.com,72
501,75158,rcobb@example.org,91
502,38592,longstephen@example.org,78
503,78842,mendozacindy@example.org,78
504,17978,jeremy11@example.net,90
505,26251,cunninghamleslie@example.net,84
506,22414,hannahreyes@example.net,79
507,52454,cookmaureen@example.net,84
508,74053,hpowell@example.net,92
509,21991,yfriedman@example.org,75
510,74815,robertmarshall@example.org,78
511,36632,stephaniedavis@example.org,86
512,89801,michaeladkins@example.net,98
513,46703,brianedwards@example.org,75
514,95257,tmacias@example.net,72
515,78282,cruzjohn@example.org,95
516,79566,rcrawford@example.net,71
517,23468,james63@example.com,99
518,50605,michael94@example.org,95
519,6101,bradykeith@example.net,69
520,22816,marilyn00@example.com,97
521,4629,jordantracey@example.net,86
522,50499,jamesbutler@example.net,83
523,5084,smithjames@example.net,78
524,89904,curtiswright@example.com,93
525,94845,barbara42@example.org,97
526,75140,williamsmegan@example.com,85
527,43231,brittany18@example.org,74
528,82637,sandra67@example.net,82
529,72636,ghernandez@example.org,93
530,4987,bcameron@example.com,90
531,38305,ellistiffany@example.org,85
532,80639,mariah82@example.net,97
533,57596,adamsdawn@example.org,85
534,30175,michelle63@example.net,86
535,82616,mariohickman@example.net,97
536,70038,nfox@example.com,89
537,29050,devin44@example.net,96
538,29798,romeronatalie@example.net,88
539,64592,morganmatthews@example.com,89
540,38344,hking@example.com,92
541,11302,kennethpatterson@example.com,87
542,92591,collinsscott@example.com,93
543,10950,zward@example.net,89
544,57834,davisjustin@example.org,80
545,97698,rebecca68@example.com,70
546,72713,rebeccajones@example.org,90
547,60426,warrenalexandria@example.org,97
548,68607,bowmansandra@example.com,71
549,57676,nicole78@example.com,81
550,71455,fraziermichael@example.com,80
551,83179,john47@example.com,89
552,42245,karenparker@example.org,68
553,8736,maxpatton@example.net,74
554,62977,wendysweeney@example.com,69
555,61274,sandracarpenter@example.com,79
556,54658,brittany76@example.net,75
557,19791,wagnermichelle@example.com,95
558,3647,richardlang@example.net,89
559,43775,tiffany03@example.com,73
560,54180,benjaminodonnell@example.com,70
561,93232,plopez@example.org,78
562,45523,aestrada@example.net,76
563,57662,cwilliams@example.org,71
564,39857,davidcarter@example.com,93
565,11167,joann71@example.net,87
566,78697,susanwilliamson@example.com,94
567,84907,gallowayjessica@example.com,88
568,85312,bwhite@example.org,88
569,81905,manuelchen@example.net,71
570,66162,dallison@example.org,84
571,52591,kristinabell@example.com,78
572,82569,monicarodgers@example.org,90
573,7566,shannonrice@example.com,95
574,68760,gracestrong@example.net,93
575,81931,owilliams@example.net,76
576,25488,rperez@example.org,92
577,81910,jay52@example.net,76
578,36215,codybailey@example.org,87
579,24019,danielwheeler@example.com,69
580,33794,wilkinscindy@example.org,76
581,2419,moraheather@example.com,86
582,34786,savannahmitchell@example.net,86
583,53297,esmith@example.org,84
584,37575,vjohnson@example.org,85
585,65267,hcook@example.com,89
586,59103,john18@example.com,84
587,5158,qjohnson@example.org,92
588,68901,angela78@example.org,71
589,17979,ctorres@example.net,68
590,39869,emilydavis@example.net,73
591,3347,campbellgregory@example.com,73
592,90539,lacey81@example.net,83
593,26481,jerrydelgado@example.net,71
594,77502,lcastro@example.net,92
595,53279,andrewliu@example.net,95
596,77325,farmermatthew@example.org,73
597,96098,dthompson@example.net,83
598,94695,thomas28@example.org,92
599,51020,heathersavage@example.com,73
600,66910,zmiller@example.com,69
601,20306,james69@example.com,99
602,30957,srojas@example.net,75
603,83908,tcruz@example.net,69
604,87283,uroth@example.net,98
605,74973,lunajulia@example.com,70
606,62798,larrywalters@example.org,81
607,98329,evanhatfield@example.org,85
608,19158,vanessa52@example.net,94
609,13589,wilsonmichael@example.com,71
610,13120,icruz@example.org,71
611,93550,rebeccacarlson@example.net,83
612,77275,adamsmatthew@example.net,83
613,41304,jennifer53@example.com,76
614,53451,rwilson@example.net,81
615,94204,qbrown@example.com,80
616,67940,candice61@example.net,76
617,60435,gregory10@example.org,92
618,90838,amytaylor@example.net,69
619,58031,riddlebrooke@example.net,79
620,62195,madisonnichols@example.net,85
621,92013,haysmonica@example.com,72
622,91050,evansjohn@example.net,75
623,99654,jessicamckinney@example.net,88
624,85880,kingdavid@example.net,81
625,73058,adamsmith@example.net,74
626,26178,rhondawilson@example.net,76
627,90478,martinshawna@example.net,72
628,85337,lewiskarina@example.com,88
629,99624,scottanderson@example.net,70
630,46236,carlylewis@example.org,96
631,49291,zlawson@example.org,68
632,24336,michael50@example.com,85
633,48331,brandon72@example.com,76
634,33977,david36@example.com,94
635,45866,zhenry@example.org,72
636,88866,william58@example.com,91
637,19760,saunderssarah@example.org,98
638,9864,alisonkennedy@example.net,94
639,53960,brenda82@example.com,98
640,3746,thomasking@example.net,95
641,83649,ewilliams@example.net,82
642,61511,emahoney@example.net,75
643,64142,crawfordsarah@example.net,77
644,81943,hartjessica@example.com,74
645,50908,nicholsdaniel@example.net,97
646,98386,smithbrian@example.org,79
647,57533,brian89@example.com,71
648,47978,galvanmary@example.com,92
649,54212,vwilson@example.com,84
650,32083,wisekevin@example.net,68
651,4435,obailey@example.com,79
652,19622,frostsusan@example.net,97
653,51765,john06@example.org,95
654,70775,thomasanderson@example.org,79
655,14877,jessicashepherd@example.org,93
656,6028,williamvillegas@example.com,96
657,88551,grossrachael@example.org,90
658,9871,william64@example.org,89
659,99459,gthompson@example.com,84
660,7611,john94@example.com,89
661,46566,dtorres@example.net,82
662,67847,kevin32@example.com,85
663,77110,flemingpatricia@example.net,88
664,79396,bbecker@example.net,94
665,20701,anthonycurtis@example.com,78
666,12591,lopezdebra@example.org,92
667,56820,ashleyolsen@example.com,85
668,56953,bradley82@example.com,76
669,7986,marcusadams@example.org,79
670,80899,christinehutchinson@example.com,79
671,33463,justinwilson@example.com,86
672,6610,heatherholland@example.net,94
673,94347,hcampbell@example.com,92
674,41549,timothyodom@example.com,75
675,56486,zduarte@example.net,94
676,40550,rwright@example.com,82
677,73964,sanchezrobert@example.org,96
678,97161,fbell@example.net,85
679,12936,smithjason@example.org,75
680,69926,jmolina@example.org,96
681,98343,kimberly14@example.com,82
682,96479,tavery@example.com,96
683,28510,lisa70@example.com,87
684,42669,montescody@example.com,80
685,89315,hollycraig@example.com,94
686,28708,lindsay11@example.net,79
687,86063,heather22@example.net,68
688,20693,sean20@example.net,86
689,12752,lrice@example.net,99
690,15339,smithaaron@example.com,94
691,47494,danielle74@example.com,81
692,36192,melissamorris@example.org,85
693,62562,karen70@example.net,72
694,74678,ramseyholly@example.com,75
695,90047,sandraunderwood@example.net,80
696,14584,vlong@example.net,81
697,87759,donald42@example.org,85
698,55791,montoyamitchell@example.net,71
699,1936,brian32@example.net,84
700,95316,wooddawn@example.com,96
701,75441,bcarpenter@example.org,90
702,55364,kblackburn@example.org,88
703,84813,erica78@example.com,96
704,28134,rodriguezmelanie@example.net,70
705,90740,esullivan@example.com,94
706,84859,christopheryoung@example.org,98
707,88165,robert96@example.org,80
708,6673,wangscott@example.com,94
709,73282,marciafletcher@example.org,86
710,13881,annaluna@example.org,80
711,94320,jonathanrogers@example.net,75
712,18139,gcampbell@example.org,95
713,59061,ronald15@example.com,71
714,99976,taylor94@example.com,97
715,55602,pearsonkrista@example.com,95
716,80726,lanekimberly@example.org,93
717,6492,joanbowman@example.com,97
718,11741,reyeskara@example.org,88
719,46753,amydickerson@example.net,95
720,6082,johnsonpatricia@example.org,96
721,56551,john52@example.com,91
722,9138,dayala@example.org,82
723,8080,frazieramanda@example.org,73
724,15159,snydertracy@example.com,74
725,42887,hammondmelissa@example.net,89
726,45845,jeffrey04@example.org,88
727,30923,briannabowman@example.com,82
728,1922,mary76@example.net,89
729,47811,moralesgregory@example.net,87
730,34718,jennifer33@example.com,83
731,94750,kathrynpatterson@example.org,95
732,99142,uclark@example.com,93
733,45986,caldwelljessica@example.net,68
734,85526,jasonsmith@example.org,96
735,135,collinsjulie@example.com,73
736,50489,odomandrea@example.org,79
737,97751,richardhunter@example.com,77
738,98932,katherine21@example.net,70
739,97005,hadams@example.org,74
740,48039,fwilson@example.net,71
741,19272,isabellafowler@example.net,78
742,60957,thomasrodriguez@example.com,83
743,6797,dustin87@example.net,81
744,34248,kyle77@example.com,98
745,47021,rhansen@example.com,93
746,55302,natalie81@example.net,90
747,79062,ghughes@example.org,76
748,35581,hfranklin@example.net,70
749,76203,samuel19@example.org,70
750,46418,lbond@example.org,90
751,48261,jack67@example.org,71
752,99151,philip26@example.org,86
753,99374,stevenwalker@example.net,92
754,45000,matthew34@example.com,74
755,24078,hickssamuel@example.net,88
756,77368,vedwards@example.com,85
757,79045,christian54@example.com,75
758,18471,brianpennington@example.org,94
759,89545,jmiller@example.net,93
760,89755,ecollins@example.net,70
761,9587,sherridaniels@example.com,71
762,44484,james70@example.org,95
763,88643,christinameyers@example.net,70
764,23386,morenokelsey@example.org,76
765,93323,ptran@example.org,93
766,51785,suzanne59@example.org,93
767,93630,april09@example.org,75
768,96359,bennettgregory@example.org,75
769,9530,jameswatts@example.org,92
770,27271,vwilliams@example.com,70
771,99562,ycooper@example.com,97
772,18247,lwiggins@example.org,89
773,41022,hannatodd@example.com,79
774,23685,georgeallen@example.net,90
775,66589,christine73@example.com,94
776,98364,larryferrell@example.com,80
777,74874,schmidtangela@example.net,80
778,3133,zlester@example.org,81
779,53352,jessica61@example.com,87
780,75989,roy16@example.org,78
781,39747,bowerssusan@example.net,78
782,33359,david64@example.com,72
783,55859,theresathompson@example.com,83
784,15832,rlee@example.org,76
785,36448,griffintina@example.net,70
786,86290,seth49@example.net,70
787,26938,harrisonrobert@example.com,74
788,16103,hblake@example.net,76
789,46081,hcooper@example.net,70
790,92071,lperkins@example.com,99
791,45599,frankcohen@example.com,74
792,28404,emma21@example.com,97
793,92715,jeffrey18@example.com,75
794,17334,andersonrodney@example.com,76
795,8868,pfisher@example.org,73
796,91431,nrodriguez@example.com,71
797,4475,dave82@example.com,76
798,29682,vwhitney@example.net,85
799,18455,melissa95@example.org,85
800,61897,atkinsjason@example.net,73
801,63047,williamsanthony@example.org,80
802,9816,jason24@example.org,80
803,73572,charlotte14@example.com,92
804,27108,vickie32@example.net,95
805,59980,brooke17@example.org,87
806,19991,youngapril@example.net,73
807,39534,bbutler@example.net,95
808,94176,debra70@example.com,89
809,29154,eric14@example.com,71
810,72893,vasquezrichard@example.com,97
811,17957,zwhite@example.net,72
812,33367,huberkristen@example.com,95
813,63106,ronaldmontgomery@example.com,87
814,33755,craigholland@example.com,93
815,397,robertgross@example.org,76
816,1733,colleen09@example.org,80
817,4198,julie68@example.net,68
818,7353,holly24@example.com,87
819,48978,shelly80@example.net,79
820,73849,kimberly62@example.org,87
821,69466,betty58@example.com,86
822,61467,thomas25@example.com,74
823,37252,juliecobb@example.com,74
824,95831,kaitlyn60@example.net,87
825,7254,jimmymason@example.org,97
826,29582,markcole@example.com,79
827,18798,cevans@example.net,84
828,29936,madison71@example.com,94
829,64488,jamie73@example.com,79
830,10742,asmith@example.net,95
831,37493,tiffanygarcia@example.net,85
832,46083,michaelroberts@example.com,70
833,90394,thomas57@example.net,88
834,58505,howarddylan@example.org,87
835,82636,cameronjohn@example.net,77
836,25926,wardjohn@example.org,85
837,57530,nallen@example.net,74
838,60740,tammy00@example.net,94
839,97964,gponce@example.com,73
840,38935,valerie44@example.com,92
841,72134,riverajeremy@example.org,69
842,71925,donnahart@example.org,96
843,75217,staffordmolly@example.net,79
844,82527,dmason@example.com,89
845,86602,shaun68@example.com,78
846,45141,omiller@example.org,90
847,55328,cross@example.net,97
848,56639,michelleabbott@example.com,98
849,10610,breyes@example.org,89
850,63550,prios@example.net,95
851,43628,smoses@example.com,70
852,53898,cruzluke@example.com,85
853,12024,xholmes@example.com,76
854,88953,bethanydiaz@example.com,90
855,38133,hatfieldjames@example.com,70
856,35075,marissavega@example.com,80
857,46639,areynolds@example.com,78
858,5772,pprince@example.com,68
859,22106,brandonthomas@example.net,91
860,43227,rmartinez@example.com,74
861,54998,kelly36@example.com,94
862,87489,raymondmoran@example.org,83
863,50968,acallahan@example.org,74
864,74121,davidhill@example.org,77
865,35827,megan50@example.com,69
866,12459,madison26@example.org,71
867,63376,salazarstacey@example.net,83
868,71020,michelleaustin@example.com,78
869,67945,amy39@example.net,93
870,88435,guerrathomas@example.org,81
871,36578,qhill@example.com,81
872,874,jamie69@example.net,82
873,77742,qcarson@example.com,90
874,11647,courtney03@example.com,92
875,18570,djackson@example.net,79
876,88296,jeremy51@example.org,93
877,57288,scott10@example.com,89
878,92883,alvaradodesiree@example.net,97
879,62235,tuckerdaniel@example.net,77
880,69981,antonio59@example.net,92
881,96682,baldwindavid@example.com,81
882,93424,lambronald@example.org,94
883,9862,meganallen@example.com,68
884,4188,johnsryan@example.com,78
885,13186,davidjones@example.com,83
886,82328,cynthia14@example.net,88
887,30037,hjacobs@example.org,96
888,90577,josephgarza@example.org,73
889,57895,lmurphy@example.org,83
890,5981,jasonsandoval@example.com,82
891,55920,ortegamichael@example.org,70
892,25807,ugomez@example.com,88
893,92499,jasonmartin@example.com,75
894,30169,james13@example.org,94
895,3991,joshuanoble@example.com,70
896,63748,martinmelissa@example.org,90
897,85103,pperez@example.org,87
898,33706,kaylascott@example.net,96
899,72900,thompsonmichael@example.org,92
900,76812,teresa40@example.net,93
901,43994,chad01@example.net,73
902,71109,joseph50@example.com,84
903,79566,richard29@example.org,79
904,5410,michelle16@example.net,98
905,66549,branchmark@example.org,79
906,20934,hilllisa@example.org,96
907,92452,jerry86@example.com,84
908,64632,wilsonteresa@example.com,71
909,31282,ipotts@example.net,94
910,87352,dawnballard@example.net,84
911,52845,david25@example.net,98
912,55942,njenkins@example.org,77
913,51277,isaiah18@example.org,88
914,56697,sbarton@example.com,99
915,64085,paul27@example.org,91
916,88369,jking@example.org,81
917,24604,josephmontgomery@example.com,90
918,37789,breannawallace@example.com,86
919,74520,cgoodwin@example.com,93
920,56179,ehamilton@example.net,97
921,68723,wward@example.org,81
922,52150,alan31@example.com,84
923,29901,ucampbell@example.com,72
924,46797,russellmatthew@example.net,74
925,40821,cynthia39@example.org,76
926,92239,mking@example.org,91
927,7128,michelleclark@example.org,91
928,10673,hamiltonjennifer@example.org,84
929,88175,robert86@example.net,99
930,81456,shaun74@example.com,89
931,41175,aliciagalvan@example.net,89
932,10310,markmartin@example.net,78
933,70486,baileygregory@example.net,70
934,90143,cardenasshirley@example.net,81
935,23381,teresa92@example.org,86
936,73024,sandovalheather@example.org,82
937,33150,stephanie60@example.net,80
938,92144,nathan30@example.org,74
939,10018,scott69@example.com,97
940,94137,wharris@example.net,99
941,48792,kimberlyvelasquez@example.org,84
942,36983,campbellomar@example.org,94
943,78685,christianpeterson@example.net,97
944,42873,christopher85@example.net,71
945,85795,michelesteele@example.org,74
946,30797,christopher10@example.net,95
947,96530,rodriguezlisa@example.com,73
948,40,juan59@example.net,74
949,91781,lancelopez@example.net,72
950,30881,bradleycarter@example.net,68
951,77684,hernandezerin@example.com,98
952,88984,phillipslisa@example.com,90
953,91321,johnsonvictoria@example.com,71
954,81570,whitesabrina@example.com,95
955,58325,harold03@example.net,98
956,22917,bradleyrobert@example.com,79
957,9491,justinhernandez@example.org,72
958,90928,olarson@example.com,99
959,37204,davismike@example.net,94
960,57369,colin62@example.org,80
961,67935,marksjeremy@example.net,75
962,88572,vwheeler@example.com,79
963,74401,millerlinda@example.org,98
964,2997,scott12@example.com,68
965,33368,pnguyen@example.net,94
966,26958,sonyaburke@example.com,92
967,92704,david44@example.com,93
968,12254,karamcdaniel@example.net,70
969,7336,calvin34@example.com,79
970,69159,rpowell@example.net,88
971,894,erica10@example.net,69
972,65943,awebb@example.net,85
973,42372,parkershelby@example.net,85
974,25584,collinsjohnathan@example.org,73
975,95312,joshua80@example.com,88
976,4267,laurenortiz@example.net,71
977,49831,bross@example.org,86
978,80304,sdavis@example.net,71
979,17900,bridget78@example.net,83
980,6750,scottcrystal@example.net,83
981,26616,danielleevans@example.org,92
982,82424,monroekaitlyn@example.org,87
983,23803,stephanie50@example.com,94
984,70634,bmartinez@example.net,74
985,63502,rodriguezmarcus@example.com,96
986,98766,justinblack@example.org,76
987,25195,drogers@example.com,75
988,23799,chrisgarcia@example.net,76
989,30735,matthewbrooks@example.com,74
990,43125,ronnie56@example.com,83
991,64186,erik69@example.org,87
992,71489,prodriguez@example.org,89
993,60754,chloe03@example.org,80
994,82281,stefaniedowns@example.net,99
995,69196,castanedalori@example.com,92
996,64175,adamskathleen@example.com,86
997,50153,angelacampos@example.net,84
998,54989,davidbennett@example.org,70
999,87036,lovesharon@example.com,79
1000,4045,xfernandez@example.com,68
1001,57736,xjohnson@example.org,83
1002,17910,rchristian@example.com,88
1003,67036,rodriguezjodi@example.org,93
1004,14779,aguilarshannon@example.org,82
1005,91915,jeffreyjohnson@example.org,99
1006,10215,xchavez@example.org,80
1007,91844,ronaldroth@example.org,98
1008,6807,wilsontrevor@example.com,99
1009,81621,kochtracy@example.net,92
1010,90647,yherring@example.org,88
1011,35247,jamie34@example.org,87
1012,17599,ryanbarber@example.net,68
1013,71732,cassandra78@example.com,98
1014,2797,natalie77@example.org,79
1015,30025,lonnie93@example.com,96
1016,96985,xdunn@example.org,70
1017,69902,eric55@example.net,74
1018,20485,graytina@example.com,71
1019,99889,kevin50@example.org,73
1020,86411,powersmark@example.net,68
1021,15919,davidmejia@example.net,91
1022,25243,john69@example.com,92
1023,37032,katierice@example.com,80
1024,18017,amandastanley@example.com,91
1025,19135,shannondean@example.net,68
1026,41418,dillon59@example.com,68
1027,5868,elijah29@example.net,92
1028,46665,lindamunoz@example.com,97
1029,46055,taylorjessica@example.com,98
1030,82573,hodgeskenneth@example.com,81
1031,10201,jamesjones@example.com,90
1032,5852,robert35@example.net,69
1033,49953,pollardashley@example.org,91
1034,15343,dennisjay@example.net,74
1035,24557,gordoncatherine@example.com,92
1036,9252,ronaldlawrence@example.net,87
1037,1285,ebarnes@example.net,94
1038,20059,rhonda63@example.net,74
1039,85108,richardcaldwell@example.com,84
1040,86870,bensonmegan@example.org,93
1041,82450,karen82@example.com,82
1042,57183,twilliams@example.net,73
1043,13044,brandon50@example.com,68
1044,32139,david60@example.com,98
1045,43296,arojas@example.net,91
1046,45783,nicolejohnson@example.org,91
1047,26298,jrose@example.org,90
1048,1653,matthewwilliams@example.org,99
1049,33205,timothytodd@example.net,82
1050,70172,bobbychristensen@example.net,80
1051,15932,carol51@example.com,88
1052,57803,williambooker@example.com,84
1053,71583,harrismark@example.com,94
1054,25877,cynthiaterry@example.org,72
1055,81067,heather82@example.net,85
1056,81297,ingramann@example.org,83
1057,50960,david81@example.org,93
1058,32885,joshua67@example.org,97
1059,73081,sarahsmith@example.net,69
1060,67658,jonoconnell@example.org,93
1061,58920,flewis@example.com,82
1062,15208,kevinsmith@example.com,89
1063,99146,jhall@example.net,80
1064,70853,mike32@example.org,91
1065,54640,richardfranklin@example.com,72
1066,81267,andersonroger@example.com,91
1067,37173,xkelly@example.com,73
1068,57669,millerlarry@example.com,72
1069,17065,christopherowens@example.net,73
1070,83757,wprince@example.org,98
1071,55842,elliottshawn@example.com,79
1072,17109,teresacampbell@example.com,77
1073,5183,robertpearson@example.org,71
1074,18761,gilbert55@example.net,79
1075,46742,richardsonjeremy@example.org,89
1076,11523,bjones@example.org,98
1077,12184,emartinez@example.net,99
1078,95101,shelley94@example.net,88
1079,61906,vneal@example.net,78
1080,87126,david29@example.com,84
1081,90643,andrea02@example.org,73
1082,37414,rachel22@example.com,85
1083,43188,ysharp@example.org,97
1084,39985,tmcgee@example.org,71
1085,77175,sarah07@example.org,84
1086,71446,hgomez@example.net,72
1087,39368,kaylagiles@example.org,98
1088,30287,hernandeztom@example.net,71
1089,73437,judy76@example.org,88
1090,60870,tjones@example.net,94
1091,34141,kenneth84@example.org,93
1092,898,cameronrowe@example.com,96
1093,30157,garciastacey@example.com,96
1094,97821,david38@example.com,80
1095,32726,rileykari@example.org,85
1096,84538,jennifer08@example.org,76
1097,99648,jamesnorman@example.org,68
1098,38705,garyortiz@example.net,99
1099,29223,sarahorr@example.org,97
1100,644,barbaranguyen@example.net,89
1101,83851,bianca21@example.org,71
1102,68284,alyssa30@example.com,81
1103,94592,jonesamy@example.net,94
1104,31579,andreascott@example.net,89
1105,46552,wongtina@example.net,70
1106,86306,dennis70@example.org,80
1107,92669,kellyreed@example.net,78
1108,40230,williamwheeler@example.com,92
1109,59845,ggrant@example.net,70
1110,2609,maria68@example.com,71
1111,26207,gdavila@example.net,73
1112,60399,sandersmatthew@example.org,84
1113,36373,nathanhenderson@example.com,83
1114,18593,jessicahuff@example.com,80
1115,42093,cannonreginald@example.org,70
1116,19902,carolynfisher@example.com,68
1117,58226,michelle39@example.net,82
1118,32358,jlee@example.org,88
1119,95409,leejeffery@example.net,86
1120,60173,william06@example.org,84
1121,19451,richard24@example.com,97
1122,36031,josephphillips@example.org,68
1123,78010,pamela06@example.org,91
1124,99801,lloydkimberly@example.com,84
1125,93898,todd77@example.org,74
1126,8949,emily00@example.net,81
1127,49664,jade12@example.org,83
1128,77599,katherine01@example.org,89
1129,5463,jacqueline24@example.com,98
1130,46642,amythompson@example.net,71
1131,50131,williambaldwin@example.net,83
1132,33290,imooney@example.com,69
1133,87461,michaelfoster@example.net,82
1134,53530,atran@example.net,85
1135,38312,snowdavid@example.org,98
1136,62253,mia94@example.org,94
1137,42880,pgilbert@example.net,85
1138,24421,vcole@example.net,82
1139,77505,susan66@example.org,69
1140,67833,qvelasquez@example.org,80
1141,76615,broberts@example.org,92
1142,49025,msingh@example.net,88
1143,75318,nicolefrancis@example.com,75
1144,41426,farleytammy@example.net,90
1145,74495,rschwartz@example.com,81
1146,67947,kjensen@example.org,74
1147,57639,joshuaanderson@example.com,75
1148,89415,kelsey16@example.net,97
1149,49059,halljenna@example.org,75
1150,39891,vtran@example.com,86
1151,88520,vmathis@example.org,81
1152,63930,ferrellkelsey@example.com,76
1153,1010,gregggregory@example.net,82
1154,19366,sabrinawhite@example.net,89
1155,20486,george16@example.com,70
1156,82832,longlisa@example.com,76
1157,70618,xharris@example.com,87
1158,59671,holly73@example.org,79
1159,64470,browningronald@example.net,80
1160,26837,thompsongilbert@example.com,81
1161,55055,howard51@example.net,72
1162,45807,penamike@example.com,74
1163,11095,leah78@example.org,74
1164,86019,annwilson@example.com,76
1165,33519,matthew69@example.net,91
1166,86402,donna53@example.org,80
1167,70259,gcummings@example.com,74
1168,34292,leeryan@example.org,74
1169,1731,rebecca16@example.com,98
1170,42338,zmadden@example.org,96
1171,80529,darrylharrell@example.net,97
1172,69802,antonio11@example.net,84
1173,9261,williamseric@example.com,79
1174,18298,simpsonteresa@example.com,94
1175,74873,nicholas53@example.org,73
1176,7499,kristina47@example.org,81
1177,98981,robertmartinez@example.org,84
1178,65033,daniellemay@example.org,93
1179,24901,harriscatherine@example.com,79
1180,77214,ayalajordan@example.org,76
1181,85192,anthonysmith@example.com,77
1182,64866,sarah04@example.net,95
1183,78120,marymurray@example.org,98
1184,55096,andrewsconnie@example.org,75
1185,1148,paulmoore@example.org,72
1186,16752,ysmith@example.net,86
1187,46629,timothy50@example.com,98
1188,8372,williamsjoanna@example.net,83
1189,85998,markhurley@example.com,68
1190,43633,sototiffany@example.com,80
1191,99716,scottwallace@example.net,69
1192,66253,debbiechandler@example.org,74
1193,76386,jacob80@example.net,94
1194,88950,eric12@example.org,79
1195,27283,beth63@example.org,94
1196,59372,mccoyjoel@example.org,88
1197,24889,jodi14@example.org,68
1198,95460,kimberlybarry@example.org,81
1199,77074,elliottjessica@example.org,85
1200,38419,katie04@example.com,74
1201,39983,phamkelly@example.net,73
1202,63339,gsmith@example.org,93
1203,78120,ruizjesse@example.net,98
1204,6665,georgecurry@example.net,70
1205,69738,newmangary@example.com,73
1206,80813,mnunez@example.com,79
1207,52033,hensondave@example.com,78
1208,98171,wcameron@example.com,80
1209,1748,danielhoover@example.org,83
1210,68130,owright@example.com,96
1211,35704,johnmartinez@example.org,99
1212,56816,smithstephen@example.net,81
1213,40501,ojohnson@example.org,82
1214,32013,teresaperez@example.net,94
1215,71145,edwardhendricks@example.com,75
1216,4709,shawnabaker@example.org,95
1217,37152,adrienne00@example.com,95
1218,57164,daniel93@example.net,86
1219,5305,joshuaross@example.com,94
1220,98437,ekeith@example.com,99
1221,27161,charlesclark@example.net,98
1222,68813,eanderson@example.com,87
1223,33650,rhodesdylan@example.org,78
1224,34980,ashleynguyen@example.com,90
1225,81463,loganproctor@example.net,76
1226,6035,wpark@example.net,79
1227,62470,tyler88@example.org,87
1228,59285,ann42@example.com,79
1229,56094,george52@example.net,89
1230,58904,nnichols@example.org,82
1231,23847,dsheppard@example.net,95
1232,40232,kathrynwilliams@example.com,92
1233,49137,christensenjames@example.com,94
1234,5853,brianterry@example.net,78
1235,14049,floresjames@example.com,73
1236,17825,brownalexis@example.com,74
1237,52080,carrie56@example.com,98
1238,88093,danielle54@example.com,96
1239,86658,waltersthomas@example.org,79
1240,95711,alan29@example.org,73
1241,48261,yvonnecarrillo@example.com,89
1242,24393,tkeith@example.com,95
1243,95449,zwilliams@example.org,82
1244,15425,kennethnorris@example.com,84
1245,71635,marshalljonathan@example.com,78
1246,1649,grimeskristi@example.org,76
1247,1244,cconley@example.org,79
1248,70374,tuckernatasha@example.net,91
1249,29710,krichards@example.com,87
1250,4472,darrell60@example.org,84
1251,48142,juarezscott@example.net,96
1252,66301,penningtonandrew@example.org,82
1253,98722,ugutierrez@example.org,69
1254,21987,moraleschad@example.org,72
1255,65733,pbrown@example.org,90
1256,66521,wayneanderson@example.net,79
1257,32851,ngonzalez@example.net,68
1258,61685,michaeljohnson@example.org,69
1259,24650,lucassamantha@example.net,72
1260,27802,franciscojones@example.com,98
1261,91113,thorntonjulian@example.net,89
1262,71758,jason63@example.com,92
1263,63961,hardintyler@example.net,72
1264,86074,nunezchristopher@example.org,68
1265,86157,nathanielgonzalez@example.org,83
1266,56180,aliciabuchanan@example.com,99
1267,31756,prestonbrian@example.net,75
1268,63885,courtneyhess@example.com,87
1269,81821,jasminemccall@example.com,97
1270,21550,bushashley@example.com,88
1271,45534,alexandraanderson@example.org,99
1272,99605,zstewart@example.net,70
1273,34514,karawilliams@example.com,95
1274,67141,nbeck@example.com,94
1275,6863,lharris@example.net,69
1276,84817,kimberly94@example.org,81
1277,59782,riveradouglas@example.org,75
1278,78695,jessica78@example.com,79
1279,67386,floreslori@example.org,81
1280,56995,phillipsjacqueline@example.net,83
1281,96688,richandrea@example.net,93
1282,77689,devincole@example.net,77
1283,15578,darlenebarton@example.com,95
1284,69021,alexissummers@example.org,73
1285,56821,ythomas@example.net,79
1286,12548,jonesangelica@example.net,97
1287,21214,mwallace@example.com,79
1288,45924,bethany32@example.net,77
1289,31687,cferguson@example.org,98
1290,86551,kenneth91@example.net,88
1291,72536,zpruitt@example.org,93
1292,39974,corey79@example.org,68
1293,93636,james27@example.org,68
1294,83469,micheleashley@example.org,69
1295,87633,sandovalmichael@example.org,92
1296,94405,ymay@example.net,94
1297,25600,johnny64@example.org,76
1298,97776,djames@example.com,89
1299,96578,kaylacastro@example.com,71
1300,29859,diana99@example.com,88
1301,71246,michael00@example.com,72
1302,5950,kimberly99@example.org,84
1303,58356,mendeznicole@example.net,81
1304,1605,kaylaconley@example.com,69
1305,23301,scottwalton@example.org,84
1306,31583,velezmichael@example.net,76
1307,53117,wallacerobert@example.org,76
1308,39963,kelseyscott@example.net,76
1309,36115,yayala@example.net,94
1310,433,kristinelivingston@example.com,68
1311,63552,johnsonyvonne@example.org,76
1312,38770,oortega@example.com,86
1313,50941,pwatts@example.com,87
1314,7734,towens@example.org,84
1315,60827,jaywalker@example.com,86
1316,97783,joshua41@example.org,96
1317,2371,tburns@example.com,81
1318,8663,ffigueroa@example.com,92
1319,36242,johnsondaniel@example.com,69
1320,78160,ortizmary@example.net,88
1321,71841,shannonstephen@example.net,90
1322,74128,denise47@example.com,95
1323,45022,colemartinez@example.org,72
1324,53133,piercerobert@example.org,93
1325,49959,ryan06@example.com,76
1326,40929,daughertyrebekah@example.com,95
1327,74096,yshields@example.org,93
1328,70605,rickskinner@example.com,72
1329,73870,jessica42@example.net,73
1330,56366,cbrown@example.net,98
1331,58048,timothystephens@example.org,94
1332,59309,reevesjessica@example.com,70
1333,99209,longzachary@example.com,73
1334,25131,yanderson@example.com,87
1335,62424,janice76@example.net,99
1336,76005,laurenhays@example.org,95
1337,24157,ashleyclark@example.net,84
1338,83735,odeleon@example.org,68
1339,17260,upayne@example.com,83
1340,53109,clayton69@example.net,70
1341,8532,ujohnston@example.org,83
1342,99078,kalvarez@example.com,74
1343,74780,yberry@example.org,99
1344,33839,yolandascott@example.org,99
1345,11162,larsonscott@example.com,89
1346,97537,ebender@example.net,85
1347,90346,buchananbrittany@example.com,74
1348,29238,elizabeth45@example.net,68
1349,59041,cbarajas@example.com,91
1350,27345,sgibson@example.org,77
1351,99214,mooremegan@example.com,98
1352,62966,omcclain@example.com,96
1353,62224,tammydunn@example.com,75
1354,3058,vtaylor@example.net,86
1355,18182,leonardmelissa@example.org,96
1356,60873,lcollins@example.net,85
1357,95174,justinmoody@example.net,79
1358,95172,rebeccadoyle@example.org,93
1359,29151,flynnkendra@example.org,97
1360,18390,cindy06@example.net,93
1361,82916,ehernandez@example.net,84
1362,27235,robertrobinson@example.com,76
1363,62925,jessicawhite@example.net,96
1364,47947,princemichelle@example.org,72
1365,46502,markroach@example.com,71
1366,91824,eileenmalone@example.net,82
1367,48256,sarah31@example.com,91
1368,3925,johnhood@example.net,76
1369,93643,bwelch@example.org,73
1370,67589,christopherrodriguez@example.org,73
1371,66662,vanessa87@example.com,73
1372,12466,danielle61@example.com,77
1373,93003,olsonjennifer@example.net,72
1374,40060,powersharry@example.net,71
1375,88304,cthompson@example.net,91
1376,95402,ncruz@example.org,81
1377,65739,nklein@example.org,69
1378,50612,walkerchad@example.org,83
1379,23261,melindagarcia@example.net,89
1380,67591,brightlaura@example.org,80
1381,20816,tara21@example.com,79
1382,42080,webbjustin@example.com,84
1383,86513,rochajennifer@example.org,76
1384,6025,alexbrown@example.net,80
1385,17674,murraynichole@example.org,68
1386,68505,jodismith@example.net,81
1387,52434,davidgordon@example.com,86
1388,28395,ohanson@example.org,74
1389,94524,jameswilson@example.net,71
1390,3638,laura18@example.com,69
1391,8353,camposdonald@example.org,96
1392,80554,wardpamela@example.net,92
1393,31388,tinarobertson@example.com,77
1394,21841,elizabeth39@example.com,82
1395,92312,amandamerritt@example.com,95
1396,34813,rreese@example.com,69
1397,54763,pwilliams@example.org,69
1398,77030,ocook@example.com,74
1399,8445,juliedavid@example.com,90
1400,77883,jon66@example.com,82
1401,20227,daryl24@example.com,68
1402,26126,denise07@example.org,80
1403,10668,kathleen41@example.net,76
1404,99741,wagnerjulie@example.com,75
1405,91444,henryrachel@example.net,96
1406,44165,katrinacurtis@example.org,69
1407,63698,erinlee@example.org,84
1408,40629,ulane@example.org,74
1409,81463,kent11@example.com,91
1410,17598,harrisshannon@example.net,87
1411,24417,randall19@example.net,83
1412,91475,phenson@example.com,77
1413,74262,davidbaxter@example.org,94
1414,16275,yortiz@example.com,84
1415,65810,hayesscott@example.org,73
1416,55792,davidhurst@example.com,85
1417,48800,qnelson@example.org,94
1418,82580,dorisbryant@example.net,85
1419,84595,amandaryan@example.org,82
1420,24388,nicholasgray@example.com,85
1421,42733,adamstanya@example.com,92
1422,62185,ambermurray@example.org,77
1423,1,vlittle@example.net,74
1424,12815,vodonnell@example.net,82
1425,3664,crystal74@example.net,95
1426,81146,gibbsmatthew@example.com,76
1427,49587,jim03@example.org,75
1428,75184,heidicaldwell@example.org,82
1429,84054,misty32@example.com,89
1430,99849,jennifermitchell@example.org,93
1431,23,arthur30@example.org,83
1432,13357,cconner@example.org,80
1433,97354,laura91@example.org,76
1434,26402,cmcguire@example.org,86
1435,66816,duncanjennifer@example.net,87
1436,22505,jacksonsteven@example.org,98
1437,84364,robertstanley@example.net,96
1438,43088,michaelshaffer@example.net,92
1439,49426,alfred93@example.com,68
1440,4879,jacquelinesmith@example.org,75
1441,86303,marygarcia@example.org,94
1442,52421,pattersonmary@example.org,97
1443,73122,raven00@example.net,87
1444,53371,lyonssheila@example.org,91
1445,4667,billynelson@example.com,70
1446,93251,robertsonjared@example.org,83
1447,21964,cameron13@example.org,69
1448,85920,coxdwayne@example.com,71
1449,94632,michellemorris@example.net,92
1450,3677,whiteamy@example.com,96
1451,15539,danielsmith@example.net,98
1452,51305,garcialinda@example.com,86
1453,62976,dawnvargas@example.com,72
1454,47584,hannahmyers@example.org,68
1455,39201,vmontgomery@example.net,97
1456,77092,stephanie96@example.com,69
1457,50285,kbolton@example.org,79
1458,61252,browntony@example.com,69
1459,85224,evansmatthew@example.net,79
1460,20903,rhondacortez@example.com,96
1461,3877,daniellejordan@example.net,79
1462,54312,danielsroy@example.com,73
1463,79795,stephensbrian@example.com,89
1464,43118,palmerdavid@example.net,76
1465,56990,lewisgary@example.org,84
1466,8453,harcher@example.org,76
1467,2607,daniel42@example.com,87
1468,92372,lschneider@example.net,81
1469,6453,barbaramcgee@example.com,91
1470,88901,jensentiffany@example.org,73
1471,80745,halekelly@example.com,86
1472,2249,stewartchristina@example.org,80
1473,58214,williamsgregory@example.org,81
1474,75787,wallsbetty@example.com,78
1475,23748,michael12@example.net,92
1476,43887,jeremy43@example.com,85
1477,79635,uhamilton@example.net,84
1478,65569,micheal52@example.org,69
1479,64914,cuevasdaniel@example.com,95
1480,66789,fischermegan@example.net,89
1481,39374,wilkersonabigail@example.org,86
1482,96201,tylerjames@example.com,95
1483,18263,hunter56@example.net,88
1484,94429,ethanreed@example.net,89
1485,72351,leemindy@example.com,78
1486,47274,hmack@example.net,77
1487,36641,ppatel@example.org,71
1488,60774,sharon32@example.org,87
1489,2776,debbieclements@example.com,78
1490,28932,castillodavid@example.net,92
1491,21496,wramirez@example.net,89
1492,26743,christopherbell@example.org,71
1493,16894,reedsarah@example.net,96
1494,78384,obrady@example.com,80
1495,7750,susan53@example.net,87
1496,82321,christinewashington@example.net,83
1497,34405,cassandra13@example.com,88
1498,98150,oramirez@example.com,68
1499,46241,vpeters@example.net,97
1500,72722,alexis87@example.org,70
1501,3615,ashleystevens@example.org,82
1502,81982,john80@example.net,85
1503,11215,cdominguez@example.com,80
1504,49402,rjarvis@example.com,87
1505,76871,anne10@example.net,91
1506,27819,rodgerskaitlyn@example.net,91
1507,45526,wsellers@example.org,90
1508,38200,gabriellejohnson@example.com,85
1509,96637,dixonmaria@example.com,84
1510,22041,melissa71@example.com,78
1511,36171,agray@example.net,94
1512,78270,smithzachary@example.org,99
1513,68638,michael92@example.net,79
1514,44568,pauljonathan@example.net,93
1515,64772,alexanderwerner@example.com,92
1516,93642,ycoleman@example.net,87
1517,28022,robert50@example.org,69
1518,71722,vleon@example.net,86
1519,84494,haneymelinda@example.net,75
1520,28995,jessica20@example.com,90
1521,52412,hortiz@example.com,81
1522,81191,douglas90@example.net,75
1523,90440,vhenry@example.com,76
1524,55494,dawn68@example.org,78
1525,79535,mary95@example.net,96
1526,89579,udaniels@example.org,96
1527,50933,mwallace@example.com,85
1528,93195,vperry@example.com,81
1529,78866,ginafuller@example.com,92
1530,13094,wendynewman@example.net,84
1531,25519,donald63@example.org,71
1532,11304,carlos25@example.org,68
1533,27532,austinmichael@example.com,82
1534,98329,jennifer10@example.org,84
1535,69376,caitlin86@example.com,87
1536,24479,christine54@example.com,85
1537,89052,schultzkatelyn@example.net,72
1538,60434,gpotter@example.com,87
1539,63581,williamskimberly@example.org,82
1540,74071,tgutierrez@example.org,79
1541,71581,vcarter@example.net,98
1542,13819,mdonaldson@example.com,82
1543,7125,juliabeck@example.net,93
1544,27214,parsonseric@example.com,88
1545,61192,jcrane@example.net,95
1546,70293,ihicks@example.org,77
1547,99000,shepardbrandon@example.org,87
1548,44827,brettwagner@example.org,93
1549,14769,anna26@example.org,75
1550,12194,jaredmoreno@example.com,88
1551,88529,hross@example.net,81
1552,72055,ryan05@example.org,77
1553,97595,dmcdonald@example.org,89
1554,9531,kristy52@example.org,96
1555,13074,khunt@example.org,80
1556,70919,erictaylor@example.net,70
1557,14246,mtate@example.org,86
1558,82276,lindseywright@example.net,85
1559,76443,russellstephanie@example.com,83
1560,69903,ipayne@example.org,84
1561,67560,ramirezkatherine@example.org,87
1562,34730,adamsheather@example.com,91
1563,46170,ynewton@example.net,68
1564,89568,olee@example.net,87
1565,99907,angela40@example.org,97
1566,19465,leachmark@example.net,75
1567,28997,hinesstacy@example.net,95
1568,31098,rodriguezmegan@example.net,95
1569,11089,john46@example.com,91
1570,76976,warrenroger@example.com,69
1571,22706,taylorjamie@example.net,80
1572,54094,irandall@example.com,94
1573,48359,cyoung@example.net,70
1574,20017,johnstonnicholas@example.com,98
1575,30327,perezjames@example.net,84
1576,81060,sblevins@example.org,92
1577,9215,qkeller@example.com,68
1578,58521,jhernandez@example.com,68
1579,26543,pmurphy@example.net,68
1580,83088,mark30@example.com,68
1581,25878,amber30@example.com,90
1582,90332,mcline@example.com,86
1583,7554,amandasmith@example.org,91
1584,36098,grahamroger@example.net,95
1585,75422,heather42@example.net,92
1586,8636,alexperez@example.net,79
1587,6285,chapmanmarvin@example.com,69
1588,45753,jeffrey02@example.org,68
1589,82628,jamie44@example.org,95
1590,84191,shawn64@example.net,77
1591,54805,johnsonshane@example.org,81
1592,74377,michael49@example.org,98
1593,82083,kimberly80@example.net,88
1594,74536,jacobsrobert@example.com,72
1595,26672,theresagrant@example.org,88
1596,42534,villegaspatricia@example.net,77
1597,42891,ncook@example.com,99
1598,52186,welchchristopher@example.org,95
1599,70201,rharrington@example.org,88
1600,49993,zmendez@example.com,94
1601,73268,oday@example.org,98
1602,74566,christinaphillips@example.net,84
1603,21887,heather95@example.com,77
1604,41012,jessicawhite@example.com,70
1605,73094,latashamoss@example.org,96
1606,33593,mmack@example.com,86
1607,68972,jamie15@example.net,91
1608,67290,randall53@example.org,97
1609,3938,moraleskenneth@example.net,77
1610,14370,christophercarney@example.org,74
1611,55416,william60@example.com,81
1612,88207,michaelrichmond@example.net,68
1613,30383,wrighteric@example.com,69
1614,1690,thomasclements@example.org,77
1615,44905,christina38@example.net,90
1616,99287,taraknight@example.org,93
1617,15745,cortiz@example.org,74
1618,14499,jacobharper@example.org,94
1619,93485,debbiepage@example.com,85
1620,63909,beth30@example.org,74
1621,31446,jamessandra@example.net,92
1622,32716,jo87@example.net,86
1623,54061,paulfitzgerald@example.org,70
1624,9725,kylehudson@example.org,89
1625,20196,tturner@example.net,84
1626,8388,ssullivan@example.org,81
1627,86707,vdouglas@example.org,99
1628,74907,gabriellelang@example.com,81
1629,5041,kathyrodriguez@example.com,85
1630,78535,ctaylor@example.net,77
1631,12131,qwood@example.com,93
1632,82983,andrewhood@example.org,93
1633,73798,wjackson@example.org,99
1634,17308,ljones@example.net,69
1635,67784,martinjeffery@example.org,79
1636,8976,moradiane@example.org,71
1637,29389,marywilson@example.org,85
1638,27597,andersoncindy@example.net,87
1639,25724,ashley63@example.com,91
1640,62290,uwilson@example.net,90
1641,98198,ajohnson@example.net,94
1642,78001,jodi44@example.org,88
1643,76647,davidfletcher@example.net,90
1644,87589,jasmineorozco@example.com,94
1645,55135,oscarlee@example.com,76
1646,41851,alirobert@example.net,90
1647,74120,jennifertucker@example.com,84
1648,78170,imorales@example.org,86
1649,54276,jeanettealvarez@example.net,83
1650,13591,natasha32@example.com,88
1651,43794,vhunt@example.com,77
1652,37753,brendalee@example.net,89
1653,64793,kellifoster@example.net,68
1654,91035,sean76@example.net,78
1655,65378,lopezbradley@example.com,72
1656,93896,angelahall@example.net,79
1657,58837,rmitchell@example.org,95
1658,66921,jsimpson@example.com,71
1659,28864,derek60@example.net,88
1660,69075,juan33@example.net,98
1661,81680,nicolerobertson@example.net,92
1662,93326,robin18@example.org,94
1663,41929,watsonkaren@example.net,86
1664,1347,nathan64@example.net,77
1665,85431,petersenkatherine@example.org,85
1666,33554,wagnergregory@example.com,70
1667,76134,qmiller@example.org,85
1668,45708,howelljill@example.net,88
1669,90332,donaldsonevelyn@example.net,89
1670,65586,josesmith@example.com,89
1671,90694,gnguyen@example.net,81
1672,84070,anthonydrake@example.com,87
1673,76599,dbaxter@example.org,82
1674,77945,maureen09@example.org,88
1675,60671,manningaudrey@example.net,96
1676,13751,danderson@example.org,95
1677,73042,jeffrey14@example.org,82
1678,10971,lisahenson@example.com,92
1679,49305,ocopeland@example.org,73
1680,78516,sean58@example.com,85
1681,27458,johnlivingston@example.net,96
1682,86519,tammyballard@example.net,69
1683,49969,ymoran@example.com,90
1684,36239,tylerronald@example.org,99
1685,67703,sheilanelson@example.org,93
1686,49565,jbarton@example.org,86
1687,77501,anthonymcgrath@example.org,68
1688,12825,hdavis@example.com,93
1689,6337,deborahwolf@example.net,86
1690,75466,walkerdaniel@example.net,86
1691,13868,msummers@example.com,95
1692,59485,sherrismith@example.org,98
1693,95665,delgadoclaire@example.net,69
1694,99076,jacksongarcia@example.org,85
1695,65643,alexandra54@example.org,80
1696,65693,wsullivan@example.net,85
1697,11489,frandall@example.net,79
1698,35912,jvalentine@example.com,79
1699,92148,emckinney@example.com,70
1700,64861,richard76@example.org,77
1701,98436,evelyn33@example.org,84
1702,79406,qvargas@example.org,86
1703,32900,carolinegarcia@example.org,77
1704,54372,carlos06@example.com,80
1705,61029,charlesjohnson@example.net,69
1706,71142,denglish@example.net,89
1707,33055,lhammond@example.com,97
1708,73318,levans@example.net,71
1709,78227,lroberts@example.org,75
1710,92893,christineroman@example.net,79
1711,19466,jakelowery@example.net,90
1712,19105,russellshaffer@example.org,91
1713,74787,ashley37@example.net,90
1714,48255,ewilliams@example.com,83
1715,57686,combstimothy@example.org,95
1716,99626,johnsonbrad@example.net,88
1717,61237,hmiller@example.org,90
1718,55188,pperez@example.com,95
1719,57922,jamie11@example.org,95
1720,7474,nwoodward@example.com,72
1721,33798,yreed@example.org,99
1722,19036,danielle39@example.org,98
1723,79015,lisabond@example.com,73
1724,47334,aliciavelazquez@example.com,99
1725,12099,fbooth@example.net,90
1726,20826,davidarellano@example.net,86
1727,80891,rbarnett@example.net,69
1728,46964,charles58@example.com,94
1729,39462,kshelton@example.com,75
1730,23548,dalton20@example.org,76
1731,29738,valeriekaiser@example.net,93
1732,66826,oneillrick@example.org,75
1733,28920,summer07@example.net,81
1734,47262,savannahharris@example.net,74
1735,39270,melissa80@example.net,69
1736,12490,lisa70@example.org,68
1737,59676,ncarey@example.org,68
1738,49174,xduke@example.com,74
1739,57743,rschmidt@example.net,77
1740,51103,davidkaufman@example.net,90
1741,6673,aprilmitchell@example.com,88
1742,39118,uruiz@example.org,95
1743,93283,williamramirez@example.com,92
1744,91952,qwilson@example.com,76
1745,43373,amanda65@example.org,97
1746,92098,vaughnmark@example.com,87
1747,67994,jessehansen@example.com,99
1748,65069,kimsavannah@example.org,97
1749,49323,allenanderson@example.net,68
1750,31259,wendy60@example.org,69
1751,3766,richard32@example.org,86
1752,41015,imiller@example.com,81
1753,17309,kaylamahoney@example.org,85
1754,69663,smcmahon@example.net,99
1755,62833,anthonyjennings@example.net,87
1756,3396,ftyler@example.org,87
1757,91477,wwhite@example.com,76
1758,70781,norrisrobert@example.org,97
1759,33253,ywelch@example.net,74
1760,2353,nancycarpenter@example.net,76
1761,16633,mike38@example.net,83
1762,3999,sandy90@example.org,68
1763,42115,robertwilliams@example.org,77
1764,47515,gregory59@example.com,86
1765,42220,youngstephen@example.net,93
1766,78422,iweber@example.com,72
1767,93028,randall38@example.org,82
1768,70718,istrickland@example.com,86
1769,10353,walkerrichard@example.com,93
1770,84467,kentpatricia@example.org,87
1771,62812,karen02@example.com,92
1772,20892,ksimmons@example.org,68
1773,23831,daniel37@example.com,93
1774,26902,dcampos@example.com,76
1775,49147,brendanfletcher@example.org,90
1776,94293,williamsmary@example.org,88
1777,76797,markphelps@example.org,84
1778,35468,iwilson@example.org,71
1779,45813,sanchezwilliam@example.com,93
1780,97175,pamela93@example.net,93
1781,31120,morrisnatalie@example.net,82
1782,63414,beckygreen@example.org,75
1783,67327,martinnicole@example.org,71
1784,36547,cabreraangela@example.com,99
1785,65189,bradley31@example.com,76
1786,48147,kristinacruz@example.org,90
1787,80683,johnsoncameron@example.net,81
1788,73714,lorivaughn@example.com,72
1789,74224,cookstephanie@example.org,70
1790,67355,rjordan@example.org,85
1791,30066,ethanharvey@example.net,77
1792,67586,amycollins@example.org,71
1793,43312,michele69@example.org,85
1794,36329,barnettjulie@example.com,97
1795,7316,christopher39@example.com,98
1796,36818,josephgibbs@example.net,74
1797,89368,franciscoross@example.net,96
1798,70180,david72@example.com,73
1799,55261,fscott@example.com,94
1800,77699,qjenkins@example.net,97
1801,45519,heathergomez@example.com,91
1802,76407,melissa85@example.net,85
1803,64245,kevinmiller@example.net,92
1804,28141,ginapage@example.com,71
1805,44529,brittney38@example.com,81
1806,58408,nicholaslewis@example.com,70
1807,76080,vjames@example.net,94
1808,14581,clinton00@example.org,75
1809,28846,chadhunter@example.org,92
1810,67817,mmerritt@example.com,72
1811,50309,zflores@example.net,74
1812,89775,melissa63@example.org,96
1813,3416,deniseallen@example.com,93
1814,91591,michaelgarrett@example.com,75
1815,30768,dabbott@example.com,93
1816,15105,jkaiser@example.org,74
1817,97736,traceychambers@example.org,87
1818,62284,robertspatricia@example.net,92
1819,46551,turnerkyle@example.net,94
1820,43015,peterblack@example.org,79
1821,26652,ipayne@example.net,99
1822,48669,fbarker@example.com,78
1823,93724,castrodale@example.com,98
1824,85889,ipalmer@example.com,95
1825,29834,johnfoster@example.org,68
1826,63571,carolmartinez@example.com,74
1827,56096,nicole70@example.com,99
1828,69369,christopherholt@example.org,96
1829,94393,justincarlson@example.com,74
1830,58167,dburns@example.org,82
1831,73506,lpollard@example.net,80
1832,62943,hudsonlisa@example.net,93
1833,42182,thomasmurray@example.com,79
1834,89669,todd29@example.net,69
1835,22949,meganwilliams@example.org,98
1836,10340,hickskim@example.net,88
1837,58510,dwhite@example.com,78
1838,11462,stevenwhite@example.org,71
1839,29332,anthony29@example.com,95
1840,97420,kristine57@example.net,86
1841,99338,xsalazar@example.net,69
1842,88822,deannamitchell@example.net,75
1843,94955,scottsmith@example.com,81
1844,34365,wendy24@example.org,70
1845,21934,patrick35@example.com,78
1846,28199,finleytheresa@example.net,79
1847,50777,sarah03@example.net,93
1848,31773,james60@example.org,71
1849,33770,luis15@example.org,94
1850,37114,chris61@example.net,98
1851,49805,joycebarbara@example.com,75
1852,75837,susan67@example.com,97
1853,20031,andersonkathy@example.net,90
1854,58294,kennedyrandy@example.com,68
1855,74496,bobbyluna@example.org,82
1856,69296,michaelsolomon@example.net,82
1857,99067,blackburntimothy@example.org,72
1858,50815,barbaradiaz@example.org,93
1859,75562,kathleen73@example.net,89
1860,73794,savagecynthia@example.com,90
1861,27826,ellismaria@example.org,83
1862,44753,hinesharry@example.org,92
1863,62484,elizabeth14@example.com,89
1864,51686,davidcampbell@example.net,73
1865,61430,wagnermark@example.com,68
1866,18655,sbrown@example.com,93
1867,27972,timothyjordan@example.org,84
1868,78254,caldwellaaron@example.com,79
1869,39681,sheri01@example.net,95
1870,83107,kevinbartlett@example.com,74
1871,64696,schaeferkathryn@example.net,73
1872,9166,conleyanna@example.com,73
1873,31085,rhall@example.org,94
1874,20681,brett05@example.net,88
1875,4494,danabaker@example.org,74
1876,72420,curtiskimberly@example.net,74
1877,74460,michelepaul@example.net,86
1878,19442,ystein@example.org,95
1879,12130,pclay@example.org,91
1880,19917,hshaw@example.com,91
1881,4963,youngthomas@example.net,77
1882,22730,brendaedwards@example.net,84
1883,27163,gregoryhuynh@example.org,70
1884,74359,pmorris@example.net,95
1885,48337,dawnharris@example.net,92
1886,98538,tsmith@example.com,93
1887,81241,suzanne96@example.org,70
1888,35473,karengreen@example.net,68
1889,33502,christopherrobinson@example.org,72
1890,35723,mitchelllynn@example.com,99
1891,30895,reyesdavid@example.org,99
1892,81876,efigueroa@example.org,81
1893,12227,johnmartin@example.com,84
1894,15628,christensenchristina@example.org,87
1895,77444,rcooper@example.com,85
1896,16304,vgutierrez@example.net,70
1897,63333,gflores@example.org,87
1898,82982,melissarobertson@example.net,79
1899,5372,ashleykeller@example.net,85
1900,89041,deniseriley@example.org,93
1901,95575,leah95@example.net,95
1902,10801,tony33@example.com,75
1903,55601,griffinmary@example.net,93
1904,56781,johnmcguire@example.net,96
1905,71251,kevin49@example.com,91
1906,39364,jessicagray@example.org,87
1907,83274,ntaylor@example.net,86
1908,82254,fhickman@example.net,94
1909,81067,brian37@example.com,94
1910,12461,tperez@example.com,94
1911,30252,erik44@example.net,93
1912,75226,garyflynn@example.org,77
1913,55261,burnskimberly@example.org,80
1914,86973,murraymaurice@example.com,77
1915,25214,farrellkimberly@example.com,80
1916,39230,jamesbates@example.org,76
1917,66078,ramirezjessica@example.org,72
1918,70202,carolynbest@example.net,80
1919,20535,townsendronald@example.com,77
1920,29727,lopezricky@example.com,88
1921,91579,charlottehumphrey@example.org,96
1922,96209,heather50@example.net,82
1923,39728,bobbymason@example.net,84
1924,82934,andrew16@example.com,92
1925,9072,kathy06@example.net,70
1926,4161,carol02@example.net,80
1927,36271,erogers@example.org,78
1928,7544,bethsalazar@example.net,76
1929,47996,vhill@example.com,72
1930,91045,sscott@example.net,87
1931,17141,angelarichardson@example.com,95
1932,24539,vcook@example.org,94
1933,83340,nprice@example.net,72
1934,6699,qgarcia@example.org,71
1935,93345,patrick57@example.net,70
1936,88032,lutzkathryn@example.org,73
1937,54729,clarkandrea@example.com,68
1938,76687,frypatricia@example.com,95
1939,84363,victoria21@example.org,77
1940,38759,ronaldking@example.org,84
1941,41537,denise92@example.com,95
1942,60670,pittsdennis@example.org,97
1943,95438,johnsutton@example.com,73
1944,34557,brianwerner@example.com,71
1945,54624,burnsrobert@example.net,87
1946,43063,myoung@example.com,93
1947,78068,hbridges@example.net,76
1948,29333,dcochran@example.com,72
1949,98309,collierangela@example.com,88
1950,1068,craig01@example.org,79
1951,20134,cynthia72@example.com,84
1952,48617,brittanyrobinson@example.net,75
1953,91504,debbie08@example.net,79
1954,98186,wesley88@example.net,85
1955,85207,akeller@example.com,82
1956,26649,espinozathomas@example.org,81
1957,19646,rachel35@example.net,73
1958,24109,edward01@example.org,93
1959,15293,joneslaura@example.com,90
1960,17876,kmccoy@example.net,72
1961,54668,justinhogan@example.com,75
1962,83499,tracy70@example.org,73
1963,40457,christine08@example.net,69
1964,5844,tina39@example.org,84
1965,34787,sanchezricky@example.com,94
1966,26802,ashley55@example.org,87
1967,3660,denise96@example.net,77
1968,74993,petersonjohn@example.com,72
1969,82808,djohnson@example.com,95
1970,67043,larry76@example.com,73
1971,52823,myersbrian@example.org,85
1972,42038,hmorales@example.net,80
1973,92047,lisareyes@example.com,84
1974,22614,davidmoore@example.com,74
1975,58670,kevinkeith@example.com,85
1976,51963,francokelly@example.org,89
1977,63016,cthomas@example.net,94
1978,1451,keithcaldwell@example.net,92
1979,47698,joseph93@example.org,76
1980,27883,georgebarnett@example.net,70
1981,43737,angelica88@example.net,78
1982,82167,willie81@example.net,86
1983,27842,mthomas@example.com,98
1984,18331,eileen42@example.org,73
1985,87856,alopez@example.org,96
1986,99360,perezdonald@example.net,89
1987,45693,robertsanthony@example.com,90
1988,11225,andreahammond@example.org,86
1989,81358,nsummers@example.org,89
1990,16179,weaverthomas@example.com,91
1991,1991,christopher94@example.org,71
1992,40127,alvareztonya@example.com,87
1993,46093,mjames@example.org,99
1994,36468,erin36@example.net,72
1995,59566,ddorsey@example.org,92
1996,84747,erin99@example.org,74
1997,28972,hendersonbenjamin@example.org,96
1998,45393,nicholas74@example.org,83
1999,14962,oconnordalton@example.org,78
2000,15433,amberwatkins@example.com,95
2001,64989,robbinsangela@example.org,69
2002,55588,diane88@example.net,81
2003,70521,brandon58@example.net,89
2004,13738,kknight@example.com,71
2005,79537,jessica53@example.org,90
2006,91053,hensleyian@example.com,83
2007,35643,david57@example.com,81
2008,45479,kaitlynmartinez@example.com,83
2009,15411,vcummings@example.org,93
2010,95649,juliehawkins@example.com,99
2011,54399,williamsilva@example.org,85
2012,37015,awells@example.com,89
2013,53313,darrellconner@example.com,79
2014,30955,wrubio@example.org,90
2015,46381,stevenleonard@example.net,89
2016,67221,wdonovan@example.net,72
2017,63314,gonzalezkatie@example.com,99
2018,44665,lespinoza@example.net,74
2019,70538,jonathangray@example.com,98
2020,72642,janetwilliams@example.com,92
2021,20281,lhodges@example.org,83
2022,15291,bobbycompton@example.org,98
2023,96992,martinbetty@example.net,99
2024,17978,danielmason@example.com,91
2025,40764,espinozadawn@example.org,80
2026,74099,adamslauren@example.org,83
2027,37422,lauracook@example.net,75
2028,25852,dennisgross@example.net,91
2029,61647,dking@example.com,93
2030,94792,george15@example.com,76
2031,43338,ybishop@example.org,84
2032,68794,gparker@example.org,77
2033,52336,djohnson@example.net,86
2034,3341,tanya40@example.net,72
2035,73097,christopher86@example.net,92
2036,72803,yperez@example.org,70
2037,5194,vgarcia@example.net,88
2038,41816,hbrewer@example.com,87
2039,86689,blackwelldavid@example.org,84
2040,82787,micheleharper@example.com,97
2041,92900,qmorris@example.org,76
2042,74453,collinsjasmine@example.com,95
2043,71210,nicole39@example.net,95
2044,57769,elizabeth16@example.com,79
2045,79079,kim33@example.com,87
2046,68194,cflores@example.com,87
2047,34885,christopher44@example.com,97
2048,84961,christinetaylor@example.com,74
2049,66178,xtran@example.com,91
2050,550,wilsonbarry@example.com,82
2051,28860,sabrina78@example.net,96
2052,20339,gibsonjean@example.net,83
2053,82821,kpetty@example.net,90
2054,22758,kelseybartlett@example.org,84
2055,21768,crystal40@example.org,83
2056,82306,john47@example.org,89
2057,35943,orivera@example.net,98
2058,19504,longjonathan@example.net,82
2059,60508,jacquelinecastillo@example.net,87
2060,51280,fmurray@example.com,80
2061,27190,sara55@example.net,94
2062,41102,alison62@example.com,93
2063,23311,lauren51@example.org,74
2064,69606,sandraberg@example.com,79
2065,95345,tmay@example.com,79
2066,49518,amywilkinson@example.net,75
2067,89561,griffithjames@example.com,77
2068,44055,robinwhite@example.com,70
2069,9053,ryan40@example.org,70
2070,35734,dwayneedwards@example.net,71
2071,49253,grahammatthew@example.com,81
2072,8250,nathan93@example.net,85
2073,77654,heather55@example.com,96
2074,95993,millerwilliam@example.org,94
2075,39142,wayne20@example.com,68
2076,76329,pavery@example.org,68
2077,1648,monica22@example.org,68
2078,78914,gharrell@example.net,70
2079,2401,moliver@example.org,81
2080,83524,genehawkins@example.com,91
2081,59391,wthomas@example.com,98
2082,38663,stephanie79@example.org,86
2083,1333,cynthiamiller@example.com,97
2084,74473,tinawilliams@example.com,75
2085,95681,audreyrobles@example.com,68
2086,45230,todd69@example.net,92
2087,14654,victoria48@example.org,68
2088,55546,joshua61@example.net,85
2089,892,mccallmichael@example.net,77
2090,29020,dpatel@example.net,74
2091,95533,cheyenne20@example.com,73
2092,5096,kenneth88@example.net,93
2093,28252,washingtonbenjamin@example.net,99
2094,56474,jameshutchinson@example.com,94
2095,49378,christinasims@example.org,92
2096,18497,davidcarter@example.net,94
2097,39557,andreahull@example.org,73
2098,68717,ccummings@example.com,89
2099,13154,hdowns@example.com,75
2100,96388,morriskatherine@example.com,88
2101,67592,soniaarias@example.com,79
2102,49590,leslie75@example.net,91
2103,75170,waltonjamie@example.org,88
2104,10365,turnerkimberly@example.com,78
2105,90128,mdaniels@example.net,86
2106,59018,znguyen@example.org,93
2107,68304,jeffmorales@example.com,87
2108,39988,jason94@example.net,92
2109,89075,jennifer29@example.org,74
2110,40059,austin82@example.net,68
2111,28874,wrightsara@example.net,83
2112,99974,linda26@example.org,87
2113,48312,kristythompson@example.org,85
2114,35427,vmosley@example.org,82
2115,20306,laurenpowers@example.org,81
2116,53309,michaelperez@example.org,83
2117,84920,palmerdiane@example.com,98
2118,69084,imorrison@example.com,89
2119,3632,dillonglenn@example.org,78
2120,93526,millermark@example.net,85
2121,10683,smiller@example.net,75
2122,56809,ronaldrobinson@example.com,68
2123,77503,matthewmcknight@example.org,89
2124,12637,stephaniesims@example.org,83
2125,36914,browndonna@example.net,93
2126,17256,anthonybarnes@example.org,97
2127,35140,john64@example.org,92
2128,46614,karen65@example.org,94
2129,21779,cwebb@example.net,86
2130,82706,ivalencia@example.net,70
2131,54329,jbond@example.net,76
2132,85668,waltonsara@example.org,97
2133,99861,laurenparker@example.net,90
2134,82332,mooreclifford@example.org,79
2135,19968,bellteresa@example.org,81
2136,58542,pjohnson@example.org,88
2137,12171,antoniomitchell@example.net,73
2138,4873,lydialewis@example.org,93
2139,91820,brendaschultz@example.net,84
2140,49387,leah95@example.org,96
2141,42537,jennifer61@example.org,88
2142,11855,amber57@example.net,96
2143,92279,bendersteven@example.net,77
2144,77114,shawnscott@example.org,99
2145,56598,deannicholas@example.com,75
2146,69534,andersonmarissa@example.com,74
2147,23146,cmitchell@example.net,95
2148,12408,twood@example.com,97
2149,36210,jose11@example.com,80
2150,84870,robertthompson@example.net,94
2151,65536,kevin33@example.com,90
2152,1775,jennifer88@example.net,95
2153,83303,kanebrittany@example.net,69
2154,22299,jessicarodriguez@example.net,73
2155,99211,walkermichael@example.com,99
2156,28829,jennifer02@example.org,83
2157,9699,davisbenjamin@example.net,93
2158,70034,john72@example.com,94
2159,50085,nicholas00@example.net,88
2160,58482,ywright@example.net,76
2161,68500,sharonhensley@example.com,87
2162,31719,lisachavez@example.org,81
2163,35560,ryanwarren@example.org,93
2164,23922,kaylafarley@example.com,72
2165,21263,brett75@example.com,68
2166,89740,xweaver@example.com,83
2167,83962,mcdanieleric@example.com,73
2168,37500,david81@example.com,86
2169,47078,reginald81@example.org,95
2170,61114,melissaguzman@example.net,90
2171,88019,devin82@example.net,90
2172,81536,sbrown@example.net,74
2173,61899,samuelalvarado@example.com,95
2174,41701,qanderson@example.com,88
2175,74357,guzmandanielle@example.net,83
2176,50137,floresscott@example.com,83
2177,39728,whitechristopher@example.net,90
2178,33967,hannahcoleman@example.org,73
2179,93592,sherri60@example.com,77
2180,20739,sandra09@example.com,80
2181,53802,janicepark@example.org,76
2182,84009,kathryn43@example.net,82
2183,50644,mmoore@example.net,93
2184,60671,emilybowers@example.net,74
2185,91669,dixonchelsea@example.org,73
2186,98889,jennifer57@example.net,74
2187,90048,jennifermorris@example.com,94
2188,45521,ocarey@example.org,89
2189,57930,thompsonhelen@example.com,96
2190,35687,hgomez@example.com,71
2191,77739,robin61@example.com,77
2192,52598,hernandezvanessa@example.net,75
2193,10033,victoria12@example.org,94
2194,58696,seanjones@example.org,83
2195,26016,amanda77@example.net,97
2196,80804,lopezkatherine@example.com,92
2197,24682,nicole31@example.org,69
2198,99200,kimberlywilliams@example.net,72
2199,92567,daniel66@example.org,74
2200,87609,katherinetaylor@example.com,97
2201,17823,caitlinalexander@example.org,92
2202,80926,david40@example.org,72
2203,70546,traceywallace@example.org,87
2204,63055,imoore@example.com,93
2205,10576,youngjoshua@example.net,82
2206,77619,tina40@example.net,99
2207,11905,sgill@example.net,99
2208,3534,benjaminwilliams@example.com,79
2209,80113,ogomez@example.com,97
2210,28068,clarkcrystal@example.net,80
2211,52243,bwarner@example.org,76
2212,46244,chines@example.org,83
2213,79649,danielgreen@example.net,94
2214,879,derekbutler@example.com,85
2215,70061,derrick32@example.org,84
2216,6761,hramirez@example.org,95
2217,6270,langjacob@example.org,98
2218,88675,robert16@example.com,91
2219,21998,matthewgarza@example.org,79
2220,98562,erin41@example.com,92
2221,59510,tracyosborn@example.org,70
2222,26949,uowens@example.com,75
2223,22489,heather07@example.org,90
2224,76257,thompsonjacob@example.net,91
2225,88391,arnoldheidi@example.com,88
2226,40821,donna47@example.net,77
2227,37012,ruizchad@example.org,87
2228,25385,sheppardbarbara@example.net,68
2229,92107,jeffrey40@example.net,79
2230,21054,claudia57@example.net,96
2231,2091,jonathan94@example.org,79
2232,63280,juliagonzalez@example.com,89
2233,63579,smithbarbara@example.org,75
2234,90590,angelaking@example.com,83
2235,58949,robert51@example.org,79
2236,42376,porterwillie@example.net,85
2237,63925,freytimothy@example.com,80
2238,77234,ndavidson@example.org,81
2239,98993,tyler87@example.org,80
2240,1088,amccarthy@example.net,68
2241,91747,scott70@example.org,68
2242,11370,spierce@example.com,88
2243,86290,riverasamantha@example.net,86
2244,1759,varmstrong@example.net,80
2245,89678,wallacetimothy@example.net,82
2246,65275,pamelahorton@example.com,98
2247,30447,cspencer@example.org,88
2248,68904,david32@example.org,80
2249,51782,kweber@example.net,93
2250,45331,lisa16@example.com,75
2251,61601,michaelgarcia@example.net,77
2252,59150,kathleen34@example.net,71
2253,66520,christopherbates@example.org,96
2254,20221,laurensmith@example.com,94
2255,19798,fcortez@example.org,96
2256,88094,susandaniels@example.com,68
2257,14097,samantha62@example.net,99
2258,28198,ngriffin@example.net,76
2259,897,derrickdixon@example.net,71
2260,76603,derek39@example.com,89
2261,51790,amandaclayton@example.org,85
2262,30991,lbowen@example.net,99
2263,93063,stephencarney@example.net,88
2264,65507,kristopherpowers@example.org,95
2265,5841,mitchellrobinson@example.com,87
2266,73812,griffithkathy@example.net,97
2267,91866,mcgeekelly@example.com,68
2268,40096,fbell@example.org,83
2269,56656,yrichards@example.net,74
2270,17376,archerthomas@example.com,91
2271,8535,kellyjeremy@example.com,85
2272,81676,padilladaniel@example.org,85
2273,80216,snyderronald@example.org,93
2274,65844,jasonmorris@example.net,94
2275,15093,katie19@example.com,68
2276,65232,gomezjennifer@example.com,85
2277,32851,hancocknathan@example.com,76
2278,27692,tmartin@example.net,77
2279,18560,debrascott@example.org,80
2280,12149,kerri08@example.com,94
2281,58074,eric35@example.com,92
2282,79179,leeallison@example.com,72
2283,59343,gregorydavis@example.com,99
2284,58493,michaelknight@example.com,79
2285,55149,amber45@example.net,68
2286,32539,rgarcia@example.net,88
2287,16087,utorres@example.net,80
2288,19897,jeffrey34@example.org,95
2289,72725,ramosjeffrey@example.org,91
2290,65402,dmorris@example.com,75
2291,20348,savagejeanette@example.com,82
2292,60819,benitezkenneth@example.net,87
2293,22008,michelegrant@example.com,69
2294,83052,torresmatthew@example.com,94
2295,25695,michaelcarroll@example.org,70
2296,7560,vanessamueller@example.org,89
2297,39802,christinechavez@example.org,69
2298,43679,katrina24@example.com,84
2299,76048,lopezjason@example.net,73
2300,91990,rmorris@example.com,77
2301,21782,laurie68@example.com,76
2302,56884,iperez@example.org,80
2303,45968,louis86@example.net,99
2304,90329,christopherburke@example.org,80
2305,88699,pluna@example.net,73
2306,20755,mday@example.com,79
2307,8032,carolhaley@example.com,78
2308,13399,christian02@example.com,92
2309,91358,timothy14@example.net,84
2310,36716,brookssabrina@example.com,97
2311,78135,jennifer69@example.net,79
2312,82092,james92@example.com,96
2313,20421,alison69@example.org,72
2314,60572,martinjohn@example.org,91
2315,99398,james54@example.net,83
2316,1223,brittanywatson@example.com,77
2317,38813,harpermary@example.org,81
2318,50367,jamesscott@example.net,75
2319,97299,vreyes@example.com,93
2320,40731,hallrobin@example.org,84
2321,16938,valerie77@example.net,92
2322,28201,morrisbrian@example.net,93
2323,87324,tmurphy@example.net,76
2324,39208,kristina02@example.com,72
2325,57780,ngarcia@example.org,68
2326,68854,ujones@example.org,75
2327,63874,kathrynwalker@example.com,93
2328,84691,william17@example.org,80
2329,56542,burnsconnie@example.org,97
2330,75526,plawrence@example.org,97
2331,96220,gbriggs@example.com,94
2332,44318,ymiranda@example.net,81
2333,3119,tracy10@example.net,88
2334,19281,lopezmichael@example.net,73
2335,3535,jerry10@example.net,96
2336,13185,deborahmorales@example.net,74
2337,16389,davidhale@example.org,94
2338,83675,mstephens@example.org,92
2339,74219,cherylgarcia@example.net,98
2340,71907,jonesjames@example.com,85
2341,44077,jthompson@example.net,73
2342,12523,lauren60@example.com,88
2343,17824,sarah13@example.net,79
2344,87375,johnsonemily@example.net,76
2345,51534,camachomelanie@example.org,93
2346,85073,charlescabrera@example.net,81
2347,38666,franciscoadams@example.net,75
2348,48056,snunez@example.com,74
2349,30262,kobrien@example.org,96
2350,24300,carolyn54@example.com,74
2351,15903,ewright@example.net,78
2352,207,fblair@example.net,72
2353,69456,wolfjennifer@example.net,87
2354,33867,stevenyang@example.com,97
2355,13605,charlespreston@example.com,77
2356,72571,gferguson@example.net,95
2357,31926,bgarcia@example.com,68
2358,47775,sheilaroth@example.org,81
2359,60733,qfoley@example.com,96
2360,47878,johnsonmelissa@example.net,95
2361,59757,lopezashley@example.org,69
2362,38311,bgarcia@example.net,93
2363,18651,michael98@example.com,97
2364,64963,damon55@example.net,86
2365,42290,wramos@example.org,93
2366,213,ibonilla@example.net,99
2367,86379,hernandezbrett@example.com,73
2368,16297,gonzalezalexandria@example.com,84
2369,52281,brittanyhill@example.net,93
2370,86736,sullivanjohn@example.com,98
2371,4499,jacksonjulia@example.com,89
2372,75912,cjohns@example.net,82
2373,95292,elizabethsmith@example.com,91
2374,70752,jerrydaniels@example.org,73
2375,1472,richardgarcia@example.com,77
2376,9005,jwilliams@example.net,84
2377,81004,eadams@example.com,82
2378,18802,walshgerald@example.net,91
2379,87898,simpsonjody@example.org,95
2380,70932,zmartinez@example.com,84
2381,87432,raymondramsey@example.org,72
2382,15379,guerrakristen@example.org,84
2383,79982,maria79@example.com,68
2384,35031,tiffany35@example.com,99
2385,73238,jessicaalexander@example.org,69
2386,59426,vincentmatthew@example.com,92
2387,93194,john88@example.net,87
2388,30242,ortizsamantha@example.net,69
2389,33469,scotthenson@example.com,88
2390,31100,traciellis@example.org,80
2391,6497,elizabeth03@example.com,76
2392,74058,ggarcia@example.com,98
2393,81277,ronald56@example.com,83
2394,14980,ricky60@example.net,84
2395,80425,larrygarcia@example.org,70
2396,28888,jacksonamber@example.net,95
2397,74161,efisher@example.com,98
2398,64105,leeyvette@example.com,90
2399,40214,tgibson@example.net,68
2400,27235,zbryant@example.net,93
2401,25212,josephdavis@example.org,99
2402,3587,peterskayla@example.org,75
2403,71887,williamswilliam@example.org,95
2404,44706,sburns@example.org,87
2405,54239,hamiltonelizabeth@example.com,72
2406,43870,reyeswendy@example.com,76
2407,33520,grobinson@example.com,83
2408,24423,glenn01@example.net,94
2409,5895,tlowe@example.org,96
2410,96507,greenchristian@example.org,69
2411,82465,uschmitt@example.net,77
2412,82014,thomas01@example.net,71
2413,90283,morganlauren@example.org,73
2414,5353,juliehayes@example.net,98
2415,75020,fbutler@example.net,76
2416,11715,tdavis@example.net,82
2417,46237,nicoletaylor@example.net,92
2418,14931,ronniebradford@example.com,84
2419,90551,kevinferguson@example.net,70
2420,5195,ruthrasmussen@example.com,90
2421,16979,fhoward@example.net,89
2422,72780,john95@example.org,76
2423,50504,rebecca44@example.net,71
2424,598,linda21@example.net,68
2425,93957,brandon10@example.net,89
2426,23987,andrewhite@example.net,69
2427,92168,xmeadows@example.net,81
2428,92346,cynthiamartin@example.com,68
2429,33310,brian91@example.net,83
2430,49625,ginamiller@example.net,99
2431,63568,lauren92@example.net,89
2432,66700,jenniferthomas@example.net,74
2433,56637,benjamintran@example.net,74
2434,53596,chavezjames@example.net,80
2435,39093,imcbride@example.org,72
2436,66250,juliebates@example.org,95
2437,80636,cray@example.net,86
2438,88070,ryanleon@example.org,84
2439,62775,bmyers@example.org,75
2440,31232,bberger@example.com,70
2441,16794,kennethrobinson@example.org,86
2442,61237,branchpatricia@example.net,83
2443,22472,dsanchez@example.org,81
2444,38390,marissamonroe@example.org,86
2445,29365,worr@example.org,91
2446,53818,joshua67@example.net,86
2447,38237,catherinehardy@example.com,81
2448,78919,briannaduran@example.com,81
2449,85389,georgelaura@example.org,69
2450,51046,nreed@example.net,71
2451,70861,dunnray@example.org,84
2452,96498,morrowmark@example.net,92
2453,51321,melanieberger@example.com,86
2454,87760,lesliesmith@example.org,81
2455,78622,lisahenry@example.org,70
2456,51125,megancarter@example.net,68
2457,56741,cmiller@example.net,74
2458,64176,daniel36@example.net,92
2459,41075,makayla29@example.org,82
2460,77769,hbrown@example.com,81
2461,99725,joshua41@example.org,85
2462,27452,jacksonmichael@example.net,81
2463,15381,travis26@example.com,83
2464,27344,wesleyhayden@example.com,96
2465,64311,davidspencer@example.com,85
2466,63970,udavid@example.org,80
2467,46747,robert42@example.org,98
2468,28040,davidsawyer@example.com,83
2469,76811,jonesjoshua@example.com,83
2470,61666,adam28@example.org,99
2471,6642,rossmatthew@example.org,92
2472,46565,lisabyrd@example.com,70
2473,78800,joshua15@example.org,97
2474,1945,sheriandrews@example.com,88
2475,89471,richardreed@example.org,72
2476,99437,luiscarrillo@example.org,93
2477,20035,whitesabrina@example.net,73
2478,92666,jessica10@example.org,90
2479,265,wilcoxnorman@example.com,73
2480,84465,lcook@example.com,95
2481,29057,michaelallen@example.org,69
2482,62924,scott63@example.com,69
2483,83584,copelandjessica@example.org,93
2484,47471,langteresa@example.com,69
2485,10623,bcarroll@example.com,78
2486,23642,leslie75@example.com,76
2487,60426,bbennett@example.org,78
2488,30543,josephrobinson@example.com,73
2489,98587,harrisondaniel@example.net,79
2490,28050,christopher47@example.org,86
2491,61288,brittanylawrence@example.org,85
2492,32888,garycamacho@example.org,69
2493,6360,kristen02@example.org,85
2494,98547,qsantiago@example.com,88
2495,11895,ginarodriguez@example.net,88
2496,19122,kylekelly@example.org,91
2497,44093,millerkevin@example.net,82
2498,65371,charlesrhodes@example.com,77
2499,5618,megangarcia@example.com,92
